Date,Suezmax Tanker D/H 160K dwt 5 Year Old (Eco) Secondhand Prices $m [SIN 87302]
1981-01-01,19
1981-02-01,19
1981-03-01,18.5
1981-04-01,18
1981-05-01,15
1981-06-01,13
1981-07-01,12.25
1981-08-01,11.5
1981-09-01,10.75
1981-10-01,10.5
1981-11-01,10.5
1981-12-01,10.5
1982-01-01,10
1982-02-01,10
1982-03-01,10
1982-04-01,9
1982-05-01,9
1982-06-01,8
1982-07-01,8
1982-08-01,9
1982-09-01,9.5
1982-10-01,8
1982-11-01,7
1982-12-01,7
1983-01-01,6
1983-02-01,6
1983-03-01,6
1983-04-01,8
1983-05-01,9
1983-06-01,9
1983-07-01,9.5
1983-08-01,10
1983-09-01,11
1983-10-01,11.5
1983-11-01,11.5
1983-12-01,11
1984-01-01,11.5
1984-02-01,11
1984-03-01,10
1984-04-01,11
1984-05-01,10.5
1984-06-01,10.5
1984-07-01,10
1984-08-01,11.5
1984-09-01,11.5
1984-10-01,10.5
1984-11-01,10.5
1984-12-01,10.5
1985-01-01,10
1985-02-01,9.5
1985-03-01,9
1985-04-01,8.5
1985-05-01,8.5
1985-06-01,8.5
1985-07-01,8
1985-08-01,8
1985-09-01,8.5
1985-10-01,9
1985-11-01,9.25
1985-12-01,9.25
1986-01-01,9.5
1986-02-01,9.5
1986-03-01,9
1986-04-01,10
1986-05-01,11
1986-06-01,13
1986-07-01,14
1986-08-01,15
1986-09-01,14.5
1986-10-01,17.5
1986-11-01,19
1986-12-01,20
1987-01-01,20
1987-02-01,20
1987-03-01,20
1987-04-01,20
1987-05-01,22
1987-06-01,24
1987-07-01,24
1987-08-01,24
1987-09-01,24
1987-10-01,24
1987-11-01,25
1987-12-01,25
1988-01-01,26
1988-02-01,27
1988-03-01,27
1988-04-01,28.5
1988-05-01,30
1988-06-01,32
1988-07-01,32
1988-08-01,32
1988-09-01,32
1988-10-01,33
1988-11-01,34
1988-12-01,35
1989-01-01,36
1989-02-01,37
1989-03-01,38
1989-04-01,38
1989-05-01,39
1989-06-01,39
1989-07-01,39
1989-08-01,40
1989-09-01,40
1989-10-01,40
1989-11-01,41
1989-12-01,42
1990-01-01,43
1990-02-01,44
1990-03-01,44
1990-04-01,44.5
1990-05-01,44.5
1990-06-01,44.5
1990-07-01,44
1990-08-01,42
1990-09-01,40
1990-10-01,40
1990-11-01,40
1990-12-01,39
1991-01-01,39
1991-02-01,39
1991-03-01,39
1991-04-01,39
1991-05-01,39
1991-06-01,39
1991-07-01,39
1991-08-01,39
1991-09-01,39
1991-10-01,39
1991-11-01,39
1991-12-01,40
1992-01-01,40
1992-02-01,40
1992-03-01,37.5
1992-04-01,37.5
1992-05-01,37.5
1992-06-01,37.5
1992-07-01,37.5
1992-08-01,37.5
1992-09-01,37.5
1992-10-01,37.5
1992-11-01,35
1992-12-01,32.5
1993-01-01,34
1993-02-01,33
1993-03-01,33
1993-04-01,33
1993-05-01,33
1993-06-01,32
1993-07-01,32
1993-08-01,32
1993-09-01,32
1993-10-01,32
1993-11-01,32
1993-12-01,33
1994-01-01,33
1994-02-01,33
1994-03-01,33
1994-04-01,33
1994-05-01,33.5
1994-06-01,33.5
1994-07-01,33.5
1994-08-01,34
1994-09-01,34
1994-10-01,34
1994-11-01,34
1994-12-01,34
1995-01-01,34
1995-02-01,34
1995-03-01,34
1995-04-01,34
1995-05-01,34
1995-06-01,36
1995-07-01,36
1995-08-01,37
1995-09-01,38
1995-10-01,38
1995-11-01,38
1995-12-01,38
1996-01-01,40
1996-02-01,42
1996-03-01,43
1996-04-01,43
1996-05-01,43
1996-06-01,43
1996-07-01,43
1996-08-01,43
1996-09-01,42.5
1996-10-01,42.5
1996-11-01,42.5
1996-12-01,42.5
1997-01-01,41
1997-02-01,41
1997-03-01,41
1997-04-01,42
1997-05-01,42
1997-06-01,42
1997-07-01,42
1997-08-01,44
1997-09-01,44
1997-10-01,44
1997-11-01,44
1997-12-01,44
1998-01-01,43
1998-02-01,43
1998-03-01,43
1998-04-01,43
1998-05-01,43
1998-06-01,43
1998-07-01,42
1998-08-01,40
1998-09-01,38
1998-10-01,38
1998-11-01,38
1998-12-01,36.5
1999-01-01,36
1999-02-01,36
1999-03-01,36
1999-04-01,36
1999-05-01,36
1999-06-01,36
1999-07-01,35
1999-08-01,35
1999-09-01,35
1999-10-01,35
1999-11-01,35
1999-12-01,35
2000-01-01,36
2000-02-01,38
2000-03-01,40
2000-04-01,42.5
2000-05-01,42.5
2000-06-01,45
2000-07-01,45
2000-08-01,48.5
2000-09-01,48.5
2000-10-01,48.5
2000-11-01,49
2000-12-01,49
2001-01-01,49
2001-02-01,47
2001-03-01,47
2001-04-01,47
2001-05-01,49
2001-06-01,49
2001-07-01,47
2001-08-01,44
2001-09-01,44
2001-10-01,42
2001-11-01,40
2001-12-01,39
2002-01-01,39
2002-02-01,39
2002-03-01,39
2002-04-01,39
2002-05-01,39
2002-06-01,39.5
2002-07-01,38.5
2002-08-01,38.5
2002-09-01,38
2002-10-01,38
2002-11-01,38
2002-12-01,38
2003-01-01,42.5
2003-02-01,42.5
2003-03-01,44
2003-04-01,44
2003-05-01,44
2003-06-01,44
2003-07-01,44
2003-08-01,43
2003-09-01,43
2003-10-01,43
2003-11-01,46
2003-12-01,47
2004-01-01,49.5
2004-02-01,51
2004-03-01,51
2004-04-01,51
2004-05-01,53
2004-06-01,60
2004-07-01,60
2004-08-01,62
2004-09-01,62
2004-10-01,70
2004-11-01,75
2004-12-01,75
2005-01-01,75
2005-02-01,75
2005-03-01,75
2005-04-01,75
2005-05-01,77
2005-06-01,77
2005-07-01,75
2005-08-01,75
2005-09-01,75
2005-10-01,75
2005-11-01,75
2005-12-01,75
2006-01-01,76
2006-02-01,76
2006-03-01,76
2006-04-01,75
2006-05-01,74
2006-06-01,74
2006-07-01,75
2006-08-01,77
2006-09-01,82
2006-10-01,82
2006-11-01,82
2006-12-01,82
2007-01-01,80
2007-02-01,80
2007-03-01,85.5
2007-04-01,87
2007-05-01,90
2007-06-01,95
2007-07-01,96
2007-08-01,95
2007-09-01,94
2007-10-01,94
2007-11-01,92
2007-12-01,92
2008-01-01,96
2008-02-01,96
2008-03-01,96
2008-04-01,96
2008-05-01,100
2008-06-01,100
2008-07-01,104
2008-08-01,105
2008-09-01,105
2008-10-01,76
2008-11-01,80
2008-12-01,78
2009-01-01,72
2009-02-01,71
2009-03-01,65
2009-04-01,63
2009-05-01,56
2009-06-01,54
2009-07-01,55
2009-08-01,55
2009-09-01,56
2009-10-01,56.5
2009-11-01,56.5
2009-12-01,56.5
2010-01-01,59
2010-02-01,59
2010-03-01,63
2010-04-01,63
2010-05-01,64.5
2010-06-01,65
2010-07-01,65
2010-08-01,65
2010-09-01,65
2010-10-01,64
2010-11-01,60
2010-12-01,59
2011-01-01,59
2011-02-01,59
2011-03-01,59
2011-04-01,59
2011-05-01,59
2011-06-01,57
2011-07-01,55
2011-08-01,52
2011-09-01,48
2011-10-01,47
2011-11-01,47
2011-12-01,47
2012-01-01,47
2012-02-01,44.5
2012-03-01,44.5
2012-04-01,45
2012-05-01,47
2012-06-01,47
2012-07-01,47
2012-08-01,45
2012-09-01,43
2012-10-01,41
2012-11-01,40
2012-12-01,40
2013-01-01,40
2013-02-01,40
2013-03-01,40
2013-04-01,40
2013-05-01,40
2013-06-01,40
2013-07-01,40
2013-08-01,38
2013-09-01,40
2013-10-01,40
2013-11-01,40
2013-12-01,42
2014-01-01,47
2014-02-01,48
2014-03-01,50
2014-04-01,50
2014-05-01,50
2014-06-01,49
2014-07-01,49
2014-08-01,50
2014-09-01,50
2014-10-01,54
2014-11-01,57
2014-12-01,57
2015-01-01,60
2015-02-01,59
2015-03-01,57.5
2015-04-01,57.5
2015-05-01,59
2015-06-01,59
2015-07-01,61
2015-08-01,61
2015-09-01,61
2015-10-01,60
2015-11-01,60
2015-12-01,60
2016-01-01,59
2016-02-01,57
2016-03-01,53.5
2016-04-01,52.5
2016-05-01,52.5
2016-06-01,50
2016-07-01,46.5
2016-08-01,45
2016-09-01,44
2016-10-01,43
2016-11-01,40
2016-12-01,40
2017-01-01,41
2017-02-01,41
2017-03-01,42
2017-04-01,42
2017-05-01,42.5
2017-06-01,44
2017-07-01,41
2017-08-01,40
2017-09-01,39
2017-10-01,40
2017-11-01,40
2017-12-01,43
2018-01-01,42
2018-02-01,42
2018-03-01,43.5
2018-04-01,43.5
2018-05-01,43.5
2018-06-01,43.5
2018-07-01,43.5
2018-08-01,44
2018-09-01,44.5
2018-10-01,44.5
2018-11-01,44.5
2018-12-01,46
2019-01-01,48
2019-02-01,50
2019-03-01,50
2019-04-01,49
2019-05-01,49
2019-06-01,49
2019-07-01,50
2019-08-01,50
2019-09-01,50
2019-10-01,53
2019-11-01,53
2019-12-01,53
2020-01-01,53
2020-02-01,53
2020-03-01,53
2020-04-01,53
2020-05-01,50
2020-06-01,49
2020-07-01,48
2020-08-01,47
2020-09-01,45
2020-10-01,45
2020-11-01,43
2020-12-01,43
2021-01-01,44
2021-02-01,43
2021-03-01,45
2021-04-01,47
2021-05-01,47.5
2021-06-01,48.5
2021-07-01,49
2021-08-01,48
2021-09-01,48
2021-10-01,48
2021-11-01,47
2021-12-01,47
2022-01-01,48
2022-02-01,47
2022-03-01,49
2022-04-01,51
2022-05-01,52
2022-06-01,54
2022-07-01,58
2022-08-01,59
2022-09-01,62
2022-10-01,62
2022-11-01,62
2022-12-01,65
2023-01-01,68
2023-02-01,68
2023-03-01,68.5
2023-04-01,68.5
2023-05-01,74
2023-06-01,73
2023-07-01,72
2023-08-01,73
2023-09-01,73
2023-10-01,78
2023-11-01,78
2023-12-01,78
2024-01-01,83
2024-02-01,83
2024-03-01,83
2024-04-01,83
2024-05-01,83
2024-06-01,83
2024-07-01,83
2024-08-01,83
2024-09-01,81
2024-10-01,80
2024-11-01,78
2024-12-01,77
2025-01-01,76
2025-02-01,77
2025-03-01,77
2025-04-01,77
2025-05-01,77
2025-06-01,77
2025-07-01,76
2025-08-01,76
2025-09-01,76
2025-10-01,80
2025-11-01,80
2025-12-01,80
2026-01-01,84
2026-02-01,88
2026-03-01,88
2026-04-01,88
2026-05-01,95
2026-06-01,104
2026-07-01,102
2026-08-01,108
2026-09-01,111
