Date,3 Year TC 50000 dwt D/H Eco MR $/day [541556],3 Year TC 150000 dwt D/H Suezmax $/day [49108],3 Year TC 110000 dwt D/H Aframax $/day [49138],3 Year TC 82000 dwt Bulkcarrier Pacific $/day [551189],3 Years TC 61000 dwt Bulkcarrier Pacific $/day [541652]
2001-12-01,,20666.66667,18166.66667,,
2002-01-01,,20000,18125,,
2002-02-01,,19250,18500,,
2002-03-01,,19050,18450,,
2002-04-01,,19687.5,18000,,
2002-05-01,,19750,18450,,
2002-06-01,,19750,18500,,
2002-07-01,,19500,18250,,
2002-08-01,,18850,17500,,
2002-09-01,,19000,17000,,
2002-10-01,,19000,16375,,
2002-11-01,,19400,16400,,
2002-12-01,,22250,18250,,
2003-01-01,,23300,18400,,
2003-02-01,,22750,19500,,
2003-03-01,,24250,19750,,
2003-04-01,,23500,17937.5,,
2003-05-01,,23000,18000,,
2003-06-01,,23375,18000,,
2003-07-01,,24000,18000,,
2003-08-01,,23400,17400,,
2003-09-01,,23250,17250,,
2003-10-01,,24000,18050,,
2003-11-01,,24250,19125,,
2003-12-01,,25625,19750,,
2004-01-01,,26900,20000,,
2004-02-01,,26625,21000,,
2004-03-01,,26500,21750,,
2004-04-01,,28500,22900,,
2004-05-01,,29000,22625,,
2004-06-01,,29000,23000,,
2004-07-01,,29600,24000,,
2004-08-01,,30750,24375,,
2004-09-01,,33000,24500,,
2004-10-01,,37400,27800,,
2004-11-01,,39500,31500,,
2004-12-01,,38600,30400,,
2005-01-01,,35500,27750,,
2005-02-01,,36750,27250,,
2005-03-01,,37500,28250,,
2005-04-01,,35500,29000,,
2005-05-01,,35000,29000,,
2005-06-01,,35000,28500,,
2005-07-01,,35000,28400,,
2005-08-01,,35000,28750,,
2005-09-01,,35000,28000,,
2005-10-01,,36125,27750,,
2005-11-01,,37000,28000,,
2005-12-01,,37000,29000,,
2006-01-01,,37375,29000,,
2006-02-01,,37500,29000,,
2006-03-01,,37100,28700,,
2006-04-01,,36500,27500,,
2006-05-01,,36375,27500,,
2006-06-01,,36800,27900,,
2006-07-01,,37500,28500,,
2006-08-01,,40250,29250,,
2006-09-01,,42000,30000,,
2006-10-01,,39500,29000,,
2006-11-01,,38000,28500,,
2006-12-01,,38000,28500,,
2007-01-01,,38000,29625,,
2007-02-01,,38000,29750,,
2007-03-01,,38000,29400,,
2007-04-01,,38000,29000,,
2007-05-01,,38500,29375,,
2007-06-01,,39000,29750,,
2007-07-01,,41000,30375,,
2007-08-01,,40000,30400,,
2007-09-01,,38000,29687.5,,
2007-10-01,,38000,29625,,
2007-11-01,,37600,29100,,
2007-12-01,,38750,29375,,
2008-01-01,,38250,29500,,
2008-02-01,,37900,29050,,
2008-03-01,,37500,28375,,
2008-04-01,,37500,28125,,
2008-05-01,,39200,28650,,
2008-06-01,,42500,31625,,
2008-07-01,,44500,34375,,
2008-08-01,,45000,34500,,
2008-09-01,,45000,34125,,
2008-10-01,,43600,32100,,
2008-11-01,,40625,28125,,
2008-12-01,,39000,26875,,
2009-01-01,,37800,26150,,
2009-02-01,,36500,25562.5,,
2009-03-01,,33500,23937.5,,
2009-04-01,,31000,21500,,
2009-05-01,,29600,19000,,
2009-06-01,,28000,18625,,
2009-07-01,,27100,18800,,
2009-08-01,,25500,19000,,
2009-09-01,,25000,19000,,
2009-10-01,,25000,19000,,
2009-11-01,,25000,19000,,
2009-12-01,,24500,18500,,
2010-01-01,,25500,18900,,
2010-02-01,,25125,19000,,
2010-03-01,,25000,19000,,
2010-04-01,,25300,19000,,
2010-05-01,,27000,19562.5,,
2010-06-01,,29750,21125,,
2010-07-01,,30000,21300,,
2010-08-01,,30000,21000,,
2010-09-01,,29000,21000,,
2010-10-01,,28200,20800,,
2010-11-01,,27000,20000,,
2010-12-01,,27000,20000,,
2011-01-01,,26625,19500,,
2011-02-01,,25750,19250,,
2011-03-01,,25000,19000,,
2011-04-01,,25000,18900,,
2011-05-01,,26000,18500,,
2011-06-01,,24750,18375,,
2011-07-01,,24100,18000,,
2011-08-01,,22812.5,17875,,
2011-09-01,,21600,17750,,
2011-10-01,,21500,17750,,
2011-11-01,,21125,17125,,
2011-12-01,,20200,16050,,
2012-01-01,,20000,16000,,
2012-02-01,,20000,16000,,
2012-03-01,,19200,16000,,
2012-04-01,,21750,16125,,
2012-05-01,,21250,16250,,
2012-06-01,,21000,15750,,
2012-07-01,,21500,15750,,
2012-08-01,,21500,15750,,
2012-09-01,,21500,15750,,
2012-10-01,,21250,15750,,
2012-11-01,,21200,15750,,
2012-12-01,,21500,15625,,
2013-01-01,,21500,15500,,
2013-02-01,,20500,15500,,
2013-03-01,,18000,15100,,
2013-04-01,,17500,15000,,
2013-05-01,,17000,14750,,
2013-06-01,,17375,14750,,
2013-07-01,,17500,14750,,
2013-08-01,,17500,14750,,
2013-09-01,,17500,14750,,
2013-10-01,,17500,15000,,
2013-11-01,,17800,15300,,
2013-12-01,,18000,15500,,
2014-01-01,,20300,16500,,
2014-02-01,,21250,17000,,
2014-03-01,,22000,17000,,
2014-04-01,,22750,17000,,
2014-05-01,17250,23000,17000,,
2014-06-01,17250,23000,17000,,
2014-07-01,17250,23250,18000,12375,
2014-08-01,17150,25600,21000,12300,
2014-09-01,16500,26000,21000,12437.5,
2014-10-01,16500,26800,21600,12260,
2014-11-01,16687.5,29500,22250,12150,
2014-12-01,16750,30000,23000,10600,
2015-01-01,16750,30000,23000,10400,
2015-02-01,16750,33000,23000,9387.5,
2015-03-01,16750,33000,23000,8612.5,
2015-04-01,17000,33000,23000,8237.5,
2015-05-01,17650,32500,23500,7640,
2015-06-01,18000,32625,24250,7900,
2015-07-01,18600,34200,25000,8500,
2015-08-01,19000,34625,25000,9000,
2015-09-01,18437.5,33500,25000,9000,
2015-10-01,18250,33500,26800,8850,
2015-11-01,18250,33500,26750,7750,
2015-12-01,18250,33500,26750,7062.5,
2016-01-01,17425,31150,25275,6870,
2016-02-01,16875,30750,24562.5,6600,
2016-03-01,16875,30562.5,23500,6412.5,
2016-04-01,16875,28950,23300,6400,
2016-05-01,16625,27000,22000,6487.5,
2016-06-01,16406.25,25937.5,20656.25,6412.5,
2016-07-01,15925,24975,19250,6600,
2016-08-01,15375,24625,19062.5,7325,
2016-09-01,14975,22975,17875,7540,
2016-10-01,14750,22875,17250,7737.5,
2016-11-01,14750,22875,17250,8100,
2016-12-01,14750,22875,17250,8230,
2017-01-01,14750,22781.25,17250,8600,
2017-02-01,14750,22500,17062.5,9437.5,
2017-03-01,14750,22500,17000,11050,
2017-04-01,14750,22500,17000,12612.5,
2017-05-01,14812.5,22500,16812.5,11000,
2017-06-01,15000,22500,16750,9950,
2017-07-01,14937.5,22500,16750,10850,
2017-08-01,14750,22500,16750,11637.5,
2017-09-01,14750,22500,16750,13000,
2017-10-01,14562.5,22500,16750,13800,
2017-11-01,14500,22500,16750,12750,
2017-12-01,14500,22300,16750,12940,
2018-01-01,14500,22250,16750,13437.5,
2018-02-01,14968.75,21875,16750,13562.5,12187.5
2018-03-01,15200,21300,17000,14200,12450
2018-04-01,15250,19500,17000,14000,12437.5
2018-05-01,15250,19500,17000,13700,12250
2018-06-01,15250,19500,17000,14200,12450
2018-07-01,15250,19500,17000,14000,12500
2018-08-01,15250,19500,17000,13880,12600
2018-09-01,15250,19500,17000,14100,12750
2018-10-01,15250,19500,17000,14100,12750
2018-11-01,15250,19500,17200,13940,13250
2018-12-01,15250,19500,17500,13750,13250
2019-01-01,15437.5,20250,17500,13312.5,11750
2019-02-01,15750,21000,17500,12500,10750
2019-03-01,15750,21200,17700,12600,11400
2019-04-01,15750,22000,18250,11912.5,10687.5
2019-05-01,15800,22200,19300,12340,10900
2019-06-01,16000,23000,20000,12525,10406.25
2019-07-01,16375,22875,20000,13925,11093.75
2019-08-01,16425,22750,20000,14260,10975
2019-09-01,16125,22750,20000,14362.5,11250
2019-10-01,16656.25,27937.5,20687.5,13837.5,11250
2019-11-01,16875,29000,20750,12750,11100
2019-12-01,16875,29000,20750,12812.5,11000
2020-01-01,16875,29000,21950,11930,11000
2020-02-01,16125,27500,20500,11550,11000
2020-03-01,16156.25,28125,20500,11437.5,10937.5
2020-04-01,16250,28750,20500,11087.5,10875
2020-05-01,17025,29850,24100,11000,10875
2020-06-01,16375,28000,22250,11700,10875
2020-07-01,16250,26000,21750,12230,10875
2020-08-01,16250,26000,21750,12412.5,10875
2020-09-01,15687.5,26000,20500,12425,10875
2020-10-01,15500,21500,20500,12360,10875
2020-11-01,15218.75,21312.5,20312.5,11600,10500
2020-12-01,14750,20750,20250,11400,10500
2021-01-01,14700,20750,19650,13030,10700
2021-02-01,14750,20750,19500,13862.5,12156.25
2021-03-01,14875,20750,19500,14325,14250
2021-04-01,15300,20750,19500,14900,13500
2021-05-01,15375,20750,19500,15810,15437.5
2021-06-01,15375,20750,19500,18300,17250
2021-07-01,15375,20750,19500,18873,18200
2021-08-01,15250,20750,19500,18937.5,20250
2021-09-01,15250,20750,19500,19562.5,21375
2021-10-01,15450,20675,19500,19670,20700
2021-11-01,15718.75,20625,19500,16750,17125
2021-12-01,15750,20625,19500,16900,19000
2022-01-01,15750,20406.25,19500,17062.5,19000
2022-02-01,15593.75,19562.5,19500,18362.5,21062.5
2022-03-01,16031.25,19500,19500,19712.5,21500
2022-04-01,16175,19500,19500,19200,20400
2022-05-01,17500,20000,19500,19500,20625
2022-06-01,19312.5,20750,19500,18437.5,19625
2022-07-01,20700,21800,21700,16350,16525
2022-08-01,20750,23000,23000,14837.5,15000
2022-09-01,20900,24000,24700,14310,13875
2022-10-01,23375,24875,25000,14412.5,13812.5
2022-11-01,23875,27500,25000,13750,12875
2022-12-01,24400,29500,25000,13995,13250
2023-01-01,24625,29500,24500,13987.5,13812.5
2023-02-01,25000,29500,26000,14175,14250
2023-03-01,25000,31800,32000,14820,15700
2023-04-01,24812.5,33125,36062.5,15112.5,15687.5
2023-05-01,24750,31250,33500,13912.5,14375
2023-06-01,24600,30900,33500,13180,13930
2023-07-01,24250,31000,32500,12100,12562.5
2023-08-01,24000,31625,29500,12475,13437.5
2023-09-01,24100,33500,29500,12770,13950
2023-10-01,24500,33500,29500,12712.5,13687.5
2023-11-01,25750,33437.5,30375,12912.5,13843.75
2023-12-01,25750,33250,35800,13620,14800
2024-01-01,25875,34062.5,37000,13500,14750
2024-02-01,26750,35000,36812.5,13737.5,14875
2024-03-01,27100,36600,36750,14520,15000
2024-04-01,27250,37000,36750,13750,15000
2024-05-01,27450,37300,36750,14630,15000
2024-06-01,27937.5,37687.5,36750,14662.5,15000
2024-07-01,28125,38000,36750,14700,15750
2024-08-01,27700,38250,36750,14460,15900
2024-09-01,26750,35750,36250,14162.5,15750
2024-10-01,26000,35750,36250,14187.5,15750
2024-11-01,22600,35200,34550,13860,15050
2024-12-01,21562.5,31500,30937.5,12587.5,14500
2025-01-01,21100,29000,28150,12500,14000
2025-02-01,20218.75,28500,27250,12437.5,13500
2025-03-01,19656.25,28500,25312.5,12062.5,13625
2025-04-01,19375,28500,24000,12312.5,13625
2025-05-01,19125,28500,24875,12150,13500
2025-06-01,18343.75,28500,24875,12250,13500
2025-07-01,18343.75,28500,24875,12875,13500
2025-08-01,18450,28500,24875,13450,13500
2025-09-01,18750,29375,25250,13437.5,13687.5
2025-10-01,19550,29800,25525,13400,13750
2025-11-01,21000,30625,27000,14750,14125
2025-12-01,21000,31250,27125,14250,14250
2026-01-01,20850,32350,29100,14350,14550
2026-02-01,21000,36375,31000,15937.5,14937.5
2026-03-01,23875,42125,36250,16187.5,15000
2026-04-01,23312.5,42500,36375,16375,15125
2026-05-01,23650,42500,36550,17900,15800
2026-06-01,23500,42500,35125,16000,16000
2026-07-01,23500,42500,34500,15810,16000
2026-08-01,23500,42500,34750,16875,16000
2026-09-01,23500,46250,35500,17250,16000
