Date,Baltic Exchange Dry Index [SIN 17259]
2023-01-03,1250
2023-01-04,1176
2023-01-05,1146
2023-01-06,1130
2023-01-09,1139
2023-01-10,1096
2023-01-11,1043
2023-01-12,976
2023-01-13,946
2023-01-16,946
2023-01-17,921
2023-01-18,874
2023-01-19,801
2023-01-20,763
2023-01-23,740
2023-01-24,721
2023-01-25,703
2023-01-26,677
2023-01-27,676
2023-01-30,680
2023-01-31,681
2023-02-01,668
2023-02-02,640
2023-02-03,621
2023-02-06,608
2023-02-07,601
2023-02-08,603
2023-02-09,592
2023-02-10,602
2023-02-13,616
2023-02-14,563
2023-02-15,541
2023-02-16,530
2023-02-17,538
2023-02-20,552
2023-02-21,594
2023-02-22,674
2023-02-23,816
2023-02-24,883
2023-02-27,935
2023-02-28,990
2023-03-01,1099
2023-03-02,1145
2023-03-03,1211
2023-03-06,1258
2023-03-07,1298
2023-03-08,1327
2023-03-09,1379
2023-03-10,1424
2023-03-13,1465
2023-03-14,1587
2023-03-15,1603
2023-03-16,1560
2023-03-17,1535
2023-03-20,1542
2023-03-21,1512
2023-03-22,1456
2023-03-23,1484
2023-03-24,1489
2023-03-27,1456
2023-03-28,1402
2023-03-29,1407
2023-03-30,1403
2023-03-31,1389
2023-04-03,1412
2023-04-04,1473
2023-04-05,1525
2023-04-06,1560
2023-04-11,1507
2023-04-12,1463
2023-04-13,1463
2023-04-14,1435
2023-04-17,1412
2023-04-18,1368
2023-04-19,1372
2023-04-20,1432
2023-04-21,1504
2023-04-24,1517
2023-04-25,1510
2023-04-26,1536
2023-04-27,1581
2023-04-28,1576
2023-05-02,1552
2023-05-03,1558
2023-05-04,1545
2023-05-05,1558
2023-05-09,1598
2023-05-10,1640
2023-05-11,1608
2023-05-12,1558
2023-05-15,1522
2023-05-16,1476
2023-05-17,1425
2023-05-18,1402
2023-05-19,1384
2023-05-22,1365
2023-05-23,1348
2023-05-24,1295
2023-05-25,1215
2023-05-26,1172
2023-05-30,1123
2023-05-31,977
2023-06-01,937
2023-06-02,919
2023-06-05,939
2023-06-06,1016
2023-06-07,1020
2023-06-08,1040
2023-06-09,1055
2023-06-12,1056
2023-06-13,1074
2023-06-14,1079
2023-06-15,1094
2023-06-16,1076
2023-06-19,1065
2023-06-20,1078
2023-06-21,1138
2023-06-22,1216
2023-06-23,1240
2023-06-26,1233
2023-06-27,1183
2023-06-28,1138
2023-06-29,1112
2023-06-30,1091
2023-07-03,1068
2023-07-04,1044
2023-07-05,994
2023-07-06,993
2023-07-07,1009
2023-07-10,1024
2023-07-11,1032
2023-07-12,1088
2023-07-13,1103
2023-07-14,1090
2023-07-17,1073
2023-07-18,1037
2023-07-19,1004
2023-07-20,977
2023-07-21,978
2023-07-24,967
2023-07-25,962
2023-07-26,1067
2023-07-27,1097
2023-07-28,1110
2023-07-31,1127
2023-08-01,1150
2023-08-02,1123
2023-08-03,1128
2023-08-04,1136
2023-08-07,1145
2023-08-08,1142
2023-08-09,1144
2023-08-10,1137
2023-08-11,1129
2023-08-14,1135
2023-08-15,1166
2023-08-16,1233
2023-08-17,1247
2023-08-18,1237
2023-08-21,1223
2023-08-22,1194
2023-08-23,1151
2023-08-24,1110
2023-08-25,1080
2023-08-29,1107
2023-08-30,1094
2023-08-31,1086
2023-09-01,1065
2023-09-04,1083
2023-09-05,1063
2023-09-06,1081
2023-09-07,1141
2023-09-08,1186
2023-09-11,1209
2023-09-12,1235
2023-09-13,1290
2023-09-14,1340
2023-09-15,1381
2023-09-18,1439
2023-09-19,1526
2023-09-20,1584
2023-09-21,1569
2023-09-22,1593
2023-09-25,1614
2023-09-26,1694
2023-09-27,1752
2023-09-28,1716
2023-09-29,1701
2023-10-02,1737
2023-10-03,1780
2023-10-04,1778
2023-10-05,1827
2023-10-06,1929
2023-10-09,1991
2023-10-10,1983
2023-10-11,1948
2023-10-12,1935
2023-10-13,1945
2023-10-16,1972
2023-10-17,2058
2023-10-18,2105
2023-10-19,2071
2023-10-20,2046
2023-10-23,2017
2023-10-24,1949
2023-10-25,1832
2023-10-26,1662
2023-10-27,1563
2023-10-30,1502
2023-10-31,1459
2023-11-01,1401
2023-11-02,1385
2023-11-03,1462
2023-11-06,1523
2023-11-07,1559
2023-11-08,1530
2023-11-09,1598
2023-11-10,1643
2023-11-13,1655
2023-11-14,1662
2023-11-15,1688
2023-11-16,1758
2023-11-17,1820
2023-11-20,1817
2023-11-21,1796
2023-11-22,1755
2023-11-23,1855
2023-11-24,2102
2023-11-27,2259
2023-11-28,2391
2023-11-29,2696
2023-11-30,2937
2023-12-01,3192
2023-12-04,3346
2023-12-05,3143
2023-12-06,2848
2023-12-07,2495
2023-12-08,2483
2023-12-11,2509
2023-12-12,2551
2023-12-13,2438
2023-12-14,2411
2023-12-15,2348
2023-12-18,2288
2023-12-19,2219
2023-12-20,2150
2023-12-21,2087
2023-12-22,2094
2024-01-02,2093
2024-01-03,2091
2024-01-04,2086
2024-01-05,2110
2024-01-08,2022
2024-01-09,1875
2024-01-10,1664
2024-01-11,1554
2024-01-12,1460
2024-01-15,1360
2024-01-16,1324
2024-01-17,1308
2024-01-18,1357
2024-01-19,1503
2024-01-22,1518
2024-01-23,1473
2024-01-24,1507
2024-01-25,1499
2024-01-26,1518
2024-01-29,1460
2024-01-30,1397
2024-01-31,1398
2024-02-01,1388
2024-02-02,1407
2024-02-05,1436
2024-02-06,1516
2024-02-07,1487
2024-02-08,1473
2024-02-09,1545
2024-02-12,1572
2024-02-13,1585
2024-02-14,1582
2024-02-15,1581
2024-02-16,1610
2024-02-19,1629
2024-02-20,1632
2024-02-21,1676
2024-02-22,1752
2024-02-23,1866
2024-02-26,1871
2024-02-27,1899
2024-02-28,2041
2024-02-29,2111
2024-03-01,2203
2024-03-04,2297
2024-03-05,2291
2024-03-06,2176
2024-03-07,2251
2024-03-08,2345
2024-03-11,2377
2024-03-12,2315
2024-03-13,2370
2024-03-14,2350
2024-03-15,2374
2024-03-18,2419
2024-03-19,2392
2024-03-20,2284
2024-03-21,2240
2024-03-22,2196
2024-03-25,2123
2024-03-26,1989
2024-03-27,1845
2024-03-28,1821
2024-04-02,1714
2024-04-03,1711
2024-04-04,1669
2024-04-05,1628
2024-04-08,1594
2024-04-09,1570
2024-04-10,1587
2024-04-11,1690
2024-04-12,1729
2024-04-15,1730
2024-04-16,1779
2024-04-17,1844
2024-04-18,1901
2024-04-19,1919
2024-04-22,1882
2024-04-23,1804
2024-04-24,1774
2024-04-25,1743
2024-04-26,1721
2024-04-29,1684
2024-04-30,1685
2024-05-01,1688
2024-05-02,1774
2024-05-03,1876
2024-05-07,2083
2024-05-08,2203
2024-05-09,2166
2024-05-10,2129
2024-05-13,2066
2024-05-14,1993
2024-05-15,1889
2024-05-16,1817
2024-05-17,1844
2024-05-20,1847
2024-05-21,1829
2024-05-22,1804
2024-05-23,1796
2024-05-24,1797
2024-05-28,1784
2024-05-29,1790
2024-05-30,1801
2024-05-31,1815
2024-06-03,1808
2024-06-04,1813
2024-06-05,1852
2024-06-06,1869
2024-06-07,1881
2024-06-10,1883
2024-06-11,1831
2024-06-12,1836
2024-06-13,1942
2024-06-14,1948
2024-06-17,1948
2024-06-18,1961
2024-06-19,1943
2024-06-20,1984
2024-06-21,1997
2024-06-24,1973
2024-06-25,1926
2024-06-26,1964
2024-06-27,2031
2024-06-28,2050
2024-07-01,2158
2024-07-02,2179
2024-07-03,2064
2024-07-04,2021
2024-07-05,1966
2024-07-08,1940
2024-07-09,1894
2024-07-10,1939
2024-07-11,1947
2024-07-12,1997
2024-07-15,1993
2024-07-16,1942
2024-07-17,1890
2024-07-18,1912
2024-07-19,1902
2024-07-22,1896
2024-07-23,1869
2024-07-24,1864
2024-07-25,1834
2024-07-26,1808
2024-07-29,1797
2024-07-30,1762
2024-07-31,1708
2024-08-01,1668
2024-08-02,1675
2024-08-05,1677
2024-08-06,1685
2024-08-07,1698
2024-08-08,1683
2024-08-09,1670
2024-08-12,1655
2024-08-13,1670
2024-08-14,1728
2024-08-15,1692
2024-08-16,1691
2024-08-19,1708
2024-08-20,1735
2024-08-21,1759
2024-08-22,1768
2024-08-23,1762
2024-08-27,1721
2024-08-28,1755
2024-08-29,1827
2024-08-30,1814
2024-09-02,1919
2024-09-03,1947
2024-09-04,1902
2024-09-05,1919
2024-09-06,1941
2024-09-09,1958
2024-09-10,1941
2024-09-11,1963
2024-09-12,1927
2024-09-13,1890
2024-09-16,1896
2024-09-17,1901
2024-09-18,1890
2024-09-19,1976
2024-09-20,1977
2024-09-23,1999
2024-09-24,2014
2024-09-25,2016
2024-09-26,2091
2024-09-27,2110
2024-09-30,2084
2024-10-01,2030
2024-10-02,1978
2024-10-03,1941
2024-10-04,1928
2024-10-07,1907
2024-10-08,1860
2024-10-09,1799
2024-10-10,1790
2024-10-11,1809
2024-10-14,1814
2024-10-15,1766
2024-10-16,1676
2024-10-17,1594
2024-10-18,1576
2024-10-21,1546
2024-10-22,1480
2024-10-23,1445
2024-10-24,1417
2024-10-25,1410
2024-10-28,1382
2024-10-29,1402
2024-10-30,1395
2024-10-31,1388
2024-11-01,1378
2024-11-04,1374
2024-11-05,1405
2024-11-06,1427
2024-11-07,1451
2024-11-08,1495
2024-11-11,1558
2024-11-12,1634
2024-11-13,1630
2024-11-14,1692
2024-11-15,1785
2024-11-18,1756
2024-11-19,1627
2024-11-20,1616
2024-11-21,1576
2024-11-22,1537
2024-11-25,1529
2024-11-26,1581
2024-11-27,1509
2024-11-28,1419
2024-11-29,1354
2024-12-02,1298
2024-12-03,1237
2024-12-04,1180
2024-12-05,1160
2024-12-06,1167
2024-12-09,1168
2024-12-10,1156
2024-12-11,1106
2024-12-12,1055
2024-12-13,1051
2024-12-16,1071
2024-12-17,1053
2024-12-18,1028
2024-12-19,976
2024-12-20,990
2024-12-23,994
2024-12-24,997
2025-01-02,1029
2025-01-03,1072
2025-01-06,1043
2025-01-07,1015
2025-01-08,966
2025-01-09,969
2025-01-10,1048
2025-01-13,1093
2025-01-14,1080
2025-01-15,1063
2025-01-16,1023
2025-01-17,987
2025-01-20,957
2025-01-21,928
2025-01-22,893
2025-01-23,824
2025-01-24,778
2025-01-27,761
2025-01-28,746
2025-01-29,726
2025-01-30,715
2025-01-31,735
2025-02-03,738
2025-02-04,753
2025-02-05,771
2025-02-06,793
2025-02-07,815
2025-02-10,809
2025-02-11,801
2025-02-12,776
2025-02-13,780
2025-02-14,792
2025-02-17,806
2025-02-18,841
2025-02-19,904
2025-02-20,941
2025-02-21,981
2025-02-24,1002
2025-02-25,1039
2025-02-26,1112
2025-02-27,1159
2025-02-28,1229
2025-03-03,1276
2025-03-04,1262
2025-03-05,1228
2025-03-06,1286
2025-03-07,1400
2025-03-10,1424
2025-03-11,1436
2025-03-12,1559
2025-03-13,1650
2025-03-14,1669
2025-03-17,1658
2025-03-18,1650
2025-03-19,1637
2025-03-20,1635
2025-03-21,1643
2025-03-24,1652
2025-03-25,1642
2025-03-26,1634
2025-03-27,1621
2025-03-28,1602
2025-03-31,1598
2025-04-01,1587
2025-04-02,1583
2025-04-03,1540
2025-04-04,1489
2025-04-07,1401
2025-04-08,1342
2025-04-09,1259
2025-04-10,1269
2025-04-11,1274
2025-04-14,1282
2025-04-15,1263
2025-04-16,1241
2025-04-17,1261
2025-04-22,1261
2025-04-23,1300
2025-04-24,1353
2025-04-25,1373
2025-04-28,1403
2025-04-29,1398
2025-04-30,1386
2025-05-01,1411
2025-05-02,1421
2025-05-06,1406
2025-05-07,1374
2025-05-08,1316
2025-05-09,1299
2025-05-12,1304
2025-05-13,1280
2025-05-14,1267
2025-05-15,1305
2025-05-16,1388
2025-05-19,1347
2025-05-20,1340
2025-05-21,1337
2025-05-22,1341
2025-05-23,1340
2025-05-27,1296
2025-05-28,1303
2025-05-29,1353
2025-05-30,1418
2025-06-02,1422
2025-06-03,1430
2025-06-04,1489
2025-06-05,1626
2025-06-06,1633
2025-06-09,1691
2025-06-10,1680
2025-06-11,1738
2025-06-12,1904
2025-06-13,1968
2025-06-16,1975
2025-06-17,1952
2025-06-18,1874
2025-06-19,1751
2025-06-20,1689
2025-06-23,1674
2025-06-24,1681
2025-06-25,1665
2025-06-26,1553
2025-06-27,1521
2025-06-30,1489
2025-07-01,1458
2025-07-02,1443
2025-07-03,1434
2025-07-04,1436
2025-07-07,1436
2025-07-08,1431
2025-07-09,1423
2025-07-10,1465
2025-07-11,1663
2025-07-14,1783
2025-07-15,1866
2025-07-16,1906
2025-07-17,2030
2025-07-18,2052
2025-07-21,2016
2025-07-22,2035
2025-07-23,2120
2025-07-24,2258
2025-07-25,2257
2025-07-28,2226
2025-07-29,2109
2025-07-30,1995
2025-07-31,2003
2025-08-01,2018
2025-08-04,1970
2025-08-05,1921
2025-08-06,1994
2025-08-07,2008
2025-08-08,2051
2025-08-11,2038
2025-08-12,2017
2025-08-13,2025
2025-08-14,2039
2025-08-15,2044
2025-08-18,2022
2025-08-19,1964
2025-08-20,1927
2025-08-21,1893
2025-08-22,1944
2025-08-26,2041
2025-08-27,2046
2025-08-28,2017
2025-08-29,2025
2025-09-01,2024
2025-09-02,1986
2025-09-03,1940
2025-09-04,1963
2025-09-05,1979
2025-09-08,2019
2025-09-09,2079
2025-09-10,2112
2025-09-11,2111
2025-09-12,2126
2025-09-15,2153
2025-09-16,2154
2025-09-17,2180
2025-09-18,2205
2025-09-19,2203
2025-09-22,2172
2025-09-23,2200
2025-09-24,2240
2025-09-25,2266
2025-09-26,2259
2025-09-29,2220
2025-09-30,2134
2025-10-01,1980
2025-10-02,1909
2025-10-03,1901
2025-10-06,1932
2025-10-07,1947
2025-10-08,1963
2025-10-09,1923
2025-10-10,1936
2025-10-13,2144
2025-10-14,2022
2025-10-15,1997
2025-10-16,2046
2025-10-17,2069
2025-10-20,2071
2025-10-21,2094
2025-10-22,2092
2025-10-23,2057
2025-10-24,1991
2025-10-27,1976
2025-10-28,1950
2025-10-29,1961
2025-10-30,1983
2025-10-31,1966
2025-11-03,1945
2025-11-04,1958
2025-11-05,2003
2025-11-06,2063
2025-11-07,2104
2025-11-10,2084
2025-11-11,2072
2025-11-12,2030
2025-11-13,2077
2025-11-14,2125
2025-11-17,2153
2025-11-18,2216
2025-11-19,2260
2025-11-20,2270
2025-11-21,2275
2025-11-24,2295
2025-11-25,2309
2025-11-26,2401
2025-11-27,2480
2025-11-28,2560
2025-12-01,2583
2025-12-02,2600
2025-12-03,2845
2025-12-04,2814
2025-12-05,2727
2025-12-08,2694
2025-12-09,2557
2025-12-10,2430
2025-12-11,2294
2025-12-12,2205
2025-12-15,2193
2025-12-16,2204
2025-12-17,2121
2025-12-18,2071
2025-12-19,2023
2025-12-22,1979
2025-12-23,1889
2025-12-24,1877
2026-01-02,1882
2026-01-05,1851
2026-01-06,1830
2026-01-07,1776
2026-01-08,1718
2026-01-09,1688
2026-01-12,1659
2026-01-13,1608
2026-01-14,1566
2026-01-15,1532
2026-01-16,1567
2026-01-19,1650
2026-01-20,1729
2026-01-21,1803
2026-01-22,1761
2026-01-23,1762
2026-01-26,1780
2026-01-27,1999
2026-01-28,2016
2026-01-29,2002
2026-01-30,2148
2026-02-02,2124
2026-02-03,2028
2026-02-04,1955
2026-02-05,1936
2026-02-06,1923
2026-02-09,1895
2026-02-10,1882
2026-02-11,1958
2026-02-12,2095
2026-02-13,2083
2026-02-16,2100
2026-02-17,2095
2026-02-18,2063
2026-02-19,2019
2026-02-20,2043
2026-02-23,2112
2026-02-24,2129
2026-02-25,2121
2026-02-26,2117
2026-02-27,2140
2026-03-02,2187
2026-03-03,2242
2026-03-04,2233
2026-03-05,2138
2026-03-06,2010
2026-03-09,2066
2026-03-10,1919
2026-03-11,1926
2026-03-12,1972
2026-03-13,2028
2026-03-16,2038
2026-03-17,2024
2026-03-18,2064
2026-03-19,2057
2026-03-20,2056
2026-03-23,2037
2026-03-24,1989
2026-03-25,2001
2026-03-26,2014
2026-03-27,2031
2026-03-30,2017
2026-03-31,1995
2026-04-01,2030
2026-04-02,2066
2026-04-07,2095
2026-04-08,2139
2026-04-09,2161
2026-04-10,2201
2026-04-13,2250
2026-04-14,2354
2026-04-15,2484
2026-04-16,2523
2026-04-17,2567
2026-04-20,2633
2026-04-21,2640
2026-04-22,2675
2026-04-23,2673
2026-04-24,2665
2026-04-27,2666
2026-04-28,2677
2026-04-29,2670
2026-04-30,2686
2026-05-01,2730
2026-05-05,2832
2026-05-06,2991
2026-05-07,3034
2026-05-08,2978
2026-05-11,3001
2026-05-12,3063
2026-05-13,3189
2026-05-14,3195
2026-05-15,3151
2026-05-18,3092
2026-05-19,3054
2026-05-20,3005
2026-05-21,2964
2026-05-22,2991
2026-05-26,3085
2026-05-27,3124
2026-05-28,3226
2026-05-29,3224
2026-06-01,3222
2026-06-02,3205
2026-06-03,3124
2026-06-04,3037
2026-06-05,2981
2026-06-08,2916
2026-06-09,2818
2026-06-10,2771
2026-06-11,2729
2026-06-12,2729
2026-06-15,2720
2026-06-16,2670
2026-06-17,2653
2026-06-18,2659
2026-06-19,2722
2026-06-22,2684
2026-06-23,2667
2026-06-24,2634
2026-06-25,2591
2026-06-26,2524
2026-06-29,2490
2026-06-30,2501
2026-07-01,2562
2026-07-02,2650
2026-07-03,2717
2026-07-06,2797
2026-07-07,2875
2026-07-08,2871
2026-07-09,2910
2026-07-10,2944
2026-07-13,2960
2026-07-14,2980
2026-07-15,2929
2026-07-16,2840
2026-07-17,2752
2026-07-20,2671
2026-07-21,2670
2026-07-22,2715
2026-07-23,2725
2026-07-24,2743
2026-07-27,2696
2026-07-28,2664
2026-07-29,2632
2026-07-30,2673
2026-07-31,2732
2026-08-03,2843
2026-08-04,2936
2026-08-05,3063
2026-08-06,3057
2026-08-07,3089
2026-08-10,3083
2026-08-11,3046
2026-08-12,2939
2026-08-13,2844
2026-08-14,2863
2026-08-17,2878
2026-08-18,2815
2026-08-19,2776
2026-08-20,2791
2026-08-21,2841
2026-08-24,2882
2026-08-25,2926
2026-08-26,3056
2026-08-27,3107
2026-08-28,3186
2026-09-01,3157
2026-09-02,3331
2026-09-03,3488
2026-09-04,3628
2026-09-07,3575
2026-09-08,3584
2026-09-09,3620
2026-09-10,3521
