Date,Crude Tanker Orderbook % Fleet [534438],Suezmax Orderbook % Fleet [534448],Crude Aframax Orderbook % Fleet [534456]
1996-01-01,6.707,8.177,6.359
1996-02-01,6.433,8.3,7.153
1996-03-01,6.673,7.917,8.252
1996-04-01,6.208,7.079,7.984
1996-05-01,6.107,7.504,7.702
1996-06-01,5.914,7.934,7.691
1996-07-01,5.513,7.478,7.425
1996-08-01,5.604,7.898,8.208
1996-09-01,5.595,7.904,8.225
1996-10-01,5.582,7.442,7.98
1996-11-01,5.734,7.891,8.486
1996-12-01,6.531,10.84,8.767
1997-01-01,7.089,11.309,8.792
1997-02-01,7.724,12.799,9.342
1997-03-01,8.8,12.799,10.652
1997-04-01,8.768,12.799,11.483
1997-05-01,9.82,13.647,12.529
1997-06-01,10.973,15.961,13.017
1997-07-01,11.41,17.218,12.424
1997-08-01,12.067,19.294,13.161
1997-09-01,12.459,18.369,13.161
1997-10-01,14.011,17.235,13.705
1997-11-01,14.681,18.078,14.704
1997-12-01,14.845,18.966,14.865
1998-01-01,15.038,19.278,14.823
1998-02-01,15.435,18.601,14.66
1998-03-01,15.436,18.667,14.673
1998-04-01,15.417,18.621,14.591
1998-05-01,15.99,19.525,16.163
1998-06-01,15.698,18.099,15.354
1998-07-01,15.931,18.411,16.054
1998-08-01,15.521,16.504,15.926
1998-09-01,15.528,15.592,15.311
1998-10-01,15.483,15.071,16.053
1998-11-01,16.841,16.297,15.168
1998-12-01,16.889,16.971,14.607
1999-01-01,16.962,17.558,13.771
1999-02-01,15.818,16.322,13.053
1999-03-01,15.427,16.378,12.605
1999-04-01,14.739,15.966,11.518
1999-05-01,14.671,15.347,10.511
1999-06-01,14.484,15.344,9.484
1999-07-01,14.062,14.887,9.687
1999-08-01,13.904,14.622,9.431
1999-09-01,14.433,13.899,9.258
1999-10-01,13.948,14.428,8.046
1999-11-01,14.108,13.968,7.547
1999-12-01,13.857,13.593,6.584
2000-01-01,13.828,14.148,6.186
2000-02-01,13.287,15.395,5.422
2000-03-01,13.654,14.614,5.672
2000-04-01,13.615,15.812,5.697
2000-05-01,14.391,18.731,6.445
2000-06-01,14.323,18.671,6.191
2000-07-01,15.924,20.367,9.094
2000-08-01,16.141,20.776,9.613
2000-09-01,16.711,19.916,10.044
2000-10-01,16.682,22.107,10.686
2000-11-01,17.599,22.638,10.955
2000-12-01,17.42,22.615,11.724
2001-01-01,18.548,24.181,12.894
2001-02-01,18.267,22.789,13.588
2001-03-01,18.85,22.39,14.248
2001-04-01,19.261,24.912,15.532
2001-05-01,19.525,25.9,16.053
2001-06-01,19.171,24.995,16.766
2001-07-01,19.955,24.577,20.712
2001-08-01,19.852,25.426,21.192
2001-09-01,20.358,25.541,21.952
2001-10-01,20.915,25.895,23.994
2001-11-01,21.102,25.987,23.597
2001-12-01,21.294,26.927,24.769
2002-01-01,21.083,26.312,24.165
2002-02-01,20.884,25.91,25.058
2002-03-01,20.517,25.408,24.711
2002-04-01,20.076,23.948,25.925
2002-05-01,20.327,26.442,25.772
2002-06-01,20.276,25.786,26.249
2002-07-01,19.335,25.413,25.691
2002-08-01,19.361,25.131,25.255
2002-09-01,18.656,23.848,24.656
2002-10-01,18.411,23.731,25.043
2002-11-01,17.924,22.795,24.182
2002-12-01,17.252,21.828,25.273
2003-01-01,17.349,20.832,25.981
2003-02-01,17.575,21.686,25.538
2003-03-01,18.072,21.135,25.954
2003-04-01,18.244,23.704,24.032
2003-05-01,17.584,23.359,24.003
2003-06-01,19.239,23.825,23.036
2003-07-01,20.442,24.463,25.686
2003-08-01,20.687,28.536,26.262
2003-09-01,20.821,29.178,25.182
2003-10-01,20.316,30.262,23.984
2003-11-01,20.422,29.363,24.281
2003-12-01,20.718,28.623,24.271
2004-01-01,21.546,29.933,25.336
2004-02-01,21.48,29.379,23.419
2004-03-01,22.453,31.737,23.757
2004-04-01,22.172,31.251,22.995
2004-05-01,22.507,32.153,22.782
2004-06-01,22.239,30.708,22.554
2004-07-01,22.05,31.544,23.298
2004-08-01,22.637,30.583,23.28
2004-09-01,22.147,29.477,23.311
2004-10-01,22.174,29.751,23.509
2004-11-01,21.949,28.915,24.285
2004-12-01,22.081,29.378,26.236
2005-01-01,22.931,28.905,26.865
2005-02-01,22.552,28.942,25.807
2005-03-01,21.994,28.093,25.756
2005-04-01,21.459,26.28,25.527
2005-05-01,21.323,24.92,24.781
2005-06-01,21.645,25.513,24.364
2005-07-01,21.536,23.311,24.684
2005-08-01,21.476,22.793,24.143
2005-09-01,20.869,22.793,23.931
2005-10-01,20.094,22.006,22.701
2005-11-01,20.167,21.199,22.198
2005-12-01,19.53,20.291,20.692
2006-01-01,19.52,20.966,20.973
2006-02-01,20.54,20.395,22.648
2006-03-01,22.376,19.861,22.131
2006-04-01,27.185,20.147,26.884
2006-05-01,27.681,18.604,27.174
2006-06-01,27.805,18.881,26.58
2006-07-01,28.319,18.466,28.197
2006-08-01,29.155,20.151,29.035
2006-09-01,30.635,27.795,28.323
2006-10-01,31.516,31.208,28.869
2006-11-01,33.198,34.255,30.159
2006-12-01,34.741,36.378,32.952
2007-01-01,35.586,37.452,33.029
2007-02-01,35.928,38.814,32.993
2007-03-01,36.035,39.912,33.108
2007-04-01,36.125,40.881,33.017
2007-05-01,35.782,40.712,33.375
2007-06-01,35.824,41.304,32.444
2007-07-01,36.499,40.921,32.287
2007-08-01,35.571,41.116,31.14
2007-09-01,35.864,41.556,32.245
2007-10-01,35.501,41.51,31.53
2007-11-01,35.235,41.383,30.114
2007-12-01,35.953,40.876,29.703
2008-01-01,35.866,41.771,29.872
2008-02-01,36.725,41.575,29.996
2008-03-01,36.73,41.175,28.922
2008-04-01,37.072,41.185,29.059
2008-05-01,38.611,41.115,28.964
2008-06-01,40.158,42.658,30.042
2008-07-01,42.224,44.968,30.798
2008-08-01,43.619,47.693,30.197
2008-09-01,46.529,50.956,30.359
2008-10-01,46.927,51.834,30.372
2008-11-01,44.859,48.987,29.597
2008-12-01,44.117,47.953,29.571
2009-01-01,43.54,47.804,28.703
2009-02-01,40.975,46.026,27.544
2009-03-01,40.09,46.16,26.613
2009-04-01,39.21,45.443,26.09
2009-05-01,37.651,43.865,24.892
2009-06-01,36.486,41.284,24.597
2009-07-01,35.186,38.997,23.443
2009-08-01,33.948,39.121,22.32
2009-09-01,34.992,38.353,22.42
2009-10-01,34.078,37.467,22.132
2009-11-01,33.511,36.098,21.077
2009-12-01,33.396,35.197,20.694
2010-01-01,33.44,37.541,20.552
2010-02-01,32.031,33.424,19.806
2010-03-01,31.82,35.017,19.116
2010-04-01,30.776,34.217,18.208
2010-05-01,31.225,33.881,19.604
2010-06-01,31.016,33.972,19.201
2010-07-01,31.491,36.227,18.606
2010-08-01,30.917,36.78,16.966
2010-09-01,32.002,39.031,17.122
2010-10-01,32.533,38.472,17.004
2010-11-01,32.735,38.347,16.774
2010-12-01,31.908,39.114,16.409
2011-01-01,31.759,39.528,16.293
2011-02-01,30.137,37.408,15.897
2011-03-01,29.428,36.715,15.43
2011-04-01,28.19,35.229,14.34
2011-05-01,27.236,33.519,13.494
2011-06-01,26.809,32.551,13.712
2011-07-01,25.595,30.848,13.066
2011-08-01,24.297,29.679,12.178
2011-09-01,23.292,28.445,12.078
2011-10-01,22.439,27.306,11.074
2011-11-01,21.649,26.773,9.95
2011-12-01,20.73,26.227,9.964
2012-01-01,20.642,28.034,9.837
2012-02-01,19.266,26.029,8.884
2012-03-01,18.949,25.298,8.545
2012-04-01,18.205,24.705,8.076
2012-05-01,17.352,23.048,7.778
2012-06-01,16.232,21.24,7.111
2012-07-01,14.666,19.868,6.499
2012-08-01,13.831,18.65,6.189
2012-09-01,13.765,18.454,5.866
2012-10-01,12.974,17.735,5.875
2012-11-01,12.686,16.69,5.722
2012-12-01,11.984,16.686,5.606
2013-01-01,12.367,17.091,6.523
2013-02-01,11.663,14.644,5.74
2013-03-01,11.708,13.659,5.74
2013-04-01,10.769,13.16,5.603
2013-05-01,10.104,12.443,6.051
2013-06-01,9.677,11.978,5.914
2013-07-01,9.083,11.936,5.787
2013-08-01,8.661,11.5,5.475
2013-09-01,8.982,11.5,5.295
2013-10-01,9.036,10.846,5.309
2013-11-01,9.025,11.082,5.331
2013-12-01,8.581,10.853,5.174
2014-01-01,10.995,10.648,5.98
2014-02-01,11.181,10.417,5.996
2014-03-01,11.61,10.206,5.696
2014-04-01,11.253,7.71,6.346
2014-05-01,11.544,8.554,6.39
2014-06-01,11.353,9.433,6.417
2014-07-01,11.514,10.257,6.749
2014-08-01,11.868,10.257,6.587
2014-09-01,11.738,10.449,6.748
2014-10-01,12.342,11.057,6.757
2014-11-01,12.457,12.08,6.631
2014-12-01,11.795,12.717,6.657
2015-01-01,12.324,14.828,6.984
2015-02-01,12.952,15.774,7.801
2015-03-01,14.172,16.803,8.789
2015-04-01,14.3,16.995,9.091
2015-05-01,14.456,16.695,9.755
2015-06-01,15.286,17.526,10.543
2015-07-01,17.411,18.733,11.74
2015-08-01,17.855,19.328,13.494
2015-09-01,18.57,19.328,13.536
2015-10-01,19.174,20.725,14.353
2015-11-01,19.618,21.559,15.361
2015-12-01,20.015,22.387,17.056
2016-01-01,20.384,23.17,17.556
2016-02-01,19.675,22.717,17.693
2016-03-01,19.571,23.129,17.325
2016-04-01,19.14,23.283,16.968
2016-05-01,18.928,23.283,17.467
2016-06-01,17.952,21.715,16.905
2016-07-01,17.541,21.378,16.726
2016-08-01,17.669,21.42,16.142
2016-09-01,17.256,20.163,15.308
2016-10-01,16.512,18.493,15.657
2016-11-01,16.033,19.605,15.594
2016-12-01,15.271,19.486,15.232
2017-01-01,15.163,19.44,15.071
2017-02-01,14.023,17.83,14.517
2017-03-01,13.808,16.962,14.971
2017-04-01,13.227,15.633,14.445
2017-05-01,13.661,14.797,13.783
2017-06-01,13.348,13.293,13.888
2017-07-01,13.274,14.352,13.708
2017-08-01,12.658,13.35,13.067
2017-09-01,12.363,12.904,12.804
2017-10-01,12.291,11.715,12.257
2017-11-01,12.02,11.491,12.468
2017-12-01,12.664,11.984,12.95
2018-01-01,13.502,12.335,13.527
2018-02-01,13.143,10.774,12.874
2018-03-01,13.205,10.003,12.446
2018-04-01,14.062,9.3,12.165
2018-05-01,13.604,8.184,11.718
2018-06-01,13.929,8.336,11.736
2018-07-01,13.907,8.45,11.215
2018-08-01,13.588,8.639,10.687
2018-09-01,13.31,7.877,9.734
2018-10-01,13.095,8.566,10.051
2018-11-01,12.632,8.39,9.767
2018-12-01,12.575,8.923,8.922
2019-01-01,12.753,9.665,8.977
2019-02-01,11.995,8.687,7.765
2019-03-01,11.613,7.387,7.562
2019-04-01,10.715,6.823,5.776
2019-05-01,10.221,6.615,5.611
2019-06-01,9.944,7.313,5.286
2019-07-01,10.022,7.818,5.744
2019-08-01,9.553,7.789,6.363
2019-09-01,9.441,7.789,7.595
2019-10-01,9.198,8.129,7.733
2019-11-01,9.057,8.986,7.701
2019-12-01,8.706,9.341,7.987
2020-01-01,9.45,10.544,7.819
2020-02-01,8.878,10.923,7.317
2020-03-01,8.93,11.281,7.653
2020-04-01,8.929,11.118,7.49
2020-05-01,8.882,10.931,7.641
2020-06-01,9.109,11.24,7.798
2020-07-01,8.721,11.052,7.786
2020-08-01,8.506,10.879,7.786
2020-09-01,8.151,10.149,7.645
2020-10-01,8.252,9.727,8.133
2020-11-01,8.236,9.864,8.133
2020-12-01,9.05,10.159,8.145
2021-01-01,9.45,10.141,8.29
2021-02-01,8.949,8.894,7.985
2021-03-01,8.394,8.358,7.984
2021-04-01,9.501,8.316,8.794
2021-05-01,9.561,8.765,8.64
2021-06-01,9.083,8.261,8.312
2021-07-01,8.775,8.576,7.968
2021-08-01,8.61,8.4,7.651
2021-09-01,8.334,8.4,7.342
2021-10-01,8.26,8.451,7.673
2021-11-01,8.237,8.477,8.818
2021-12-01,8.03,8.333,8.676
2022-01-01,7.978,8.359,8.713
2022-02-01,7.34,6.987,8.064
2022-03-01,7.067,6.651,7.779
2022-04-01,6.344,5.815,7.302
2022-05-01,6.027,5.366,7.294
2022-06-01,5.525,4.53,7.153
2022-07-01,5.043,4.036,7.131
2022-08-01,4.582,3.076,6.969
2022-09-01,4.247,2.287,6.455
2022-10-01,4.001,2.134,6.453
2022-11-01,3.691,2.285,6.443
2022-12-01,3.551,2.579,6.443
2023-01-01,3.597,3.196,6.284
2023-02-01,3.034,3.192,5.802
2023-03-01,3.1,3.494,5.802
2023-04-01,2.874,3.647,5.004
2023-05-01,3.083,5.292,4.845
2023-06-01,3.246,6.199,4.994
2023-07-01,3.206,6.806,5.145
2023-08-01,3.749,8.305,4.832
2023-09-01,3.951,8.611,4.832
2023-10-01,4.317,8.747,4.83
2023-11-01,4.331,8.911,4.686
2023-12-01,4.518,9.821,4.987
2024-01-01,5.021,10.735,6.188
2024-02-01,5.229,11.782,6.013
2024-03-01,6.915,13.882,6.013
2024-04-01,7.76,15.113,5.855
2024-05-01,8.408,15.113,6.148
2024-06-01,8.59,15.113,5.99
2024-07-01,9.374,16.171,6.139
2024-08-01,9.326,16.456,5.058
2024-09-01,9.741,16.248,5.812
2024-10-01,10.094,16.248,5.961
2024-11-01,10.44,16.53,6.407
2024-12-01,10.725,16.003,6.407
2025-01-01,11.172,16.304,6.405
2025-02-01,11.037,16.153,6.246
2025-03-01,11.162,16.422,6.559
2025-04-01,11.556,17.219,6.559
2025-05-01,12.088,18.031,6.569
2025-06-01,12.204,18.622,6.41
2025-07-01,12.583,19.112,6.418
2025-08-01,13.147,18.535,6.427
2025-09-01,13.168,18.016,6.436
2025-10-01,13.612,19.558,6.585
2025-11-01,14.505,19.997,6.603
2025-12-01,16.715,22.183,7.205
2026-01-01,17.576,23.016,7.655
2026-02-01,18.72,24.321,7.793
2026-03-01,21.664,27.375,7.63
2026-04-01,23.685,29.012,7.469
2026-05-01,25.793,29.811,7.469
2026-06-01,26.959,30.297,7.619
2026-07-01,27.769,29.993,7.294
2026-08-01,27.764,29.889,7.576
2026-09-01,28.132,29.133,8.358
