Date,MR 40-55k Fleet No [540942],MR Fleet DWTm [540945],Aframax Fleet No [29836],Aframax Fleet DWTm [29837],Suezmax Fleet No [29834],Suezmax Fleet DWTm [29835],Panamax Bulk Fleet No [30202],Panamax Bulk Fleet DWTm [30204],Handymax Bulk Fleet No [30206],Handymax Bulk Fleet DWTm [30207]
1970-01-01,,,214,21.24534,56,8.93513,96,7.09705,273,13.44825
1970-02-01,,,216,21.43473,58,9.25949,104,7.64916,289,14.24894
1970-03-01,,,216,21.43473,61,9.74619,104,7.64916,289,14.24894
1970-04-01,,,220,21.87355,61,9.74619,104,7.64916,289,14.24894
1970-05-01,,,221,21.97816,61,9.74619,104,7.64916,289,14.24894
1970-06-01,,,221,21.97816,62,9.87522,104,7.64916,289,14.24894
1970-07-01,,,221,21.97816,64,10.16492,104,7.64916,289,14.24894
1970-08-01,,,222,22.07544,65,10.29032,104,7.64916,289,14.24894
1970-09-01,,,222,22.07544,66,10.42688,104,7.64916,290,14.30558
1970-10-01,,,223,22.1887,67,10.5698,104,7.64916,291,14.36229
1970-11-01,,,223,22.1887,68,10.72078,105,7.71585,291,14.36229
1970-12-01,,,224,22.28785,70,11.00191,105,7.71585,293,14.46327
1971-01-01,,,227,22.57998,70,11.00191,105,7.71585,293,14.45482
1971-02-01,,,227,22.57998,71,11.16494,117,8.56193,303,14.95566
1971-03-01,,,229,22.77704,72,11.2985,117,8.56193,303,14.95566
1971-04-01,,,230,22.87404,73,11.43374,118,8.62367,303,14.95566
1971-05-01,,,230,22.87404,76,11.86361,118,8.62367,303,14.95566
1971-06-01,,,230,22.87404,78,12.14108,118,8.62367,303,14.95566
1971-07-01,,,230,22.87404,79,12.27454,119,8.70883,304,14.99773
1971-08-01,,,231,22.97075,80,12.4114,119,8.70883,305,15.03981
1971-09-01,,,231,22.97075,80,12.4114,119,8.70883,306,15.08191
1971-10-01,,,231,22.97075,81,12.55372,119,8.70883,307,15.1344
1971-11-01,,,231,22.97075,82,12.68744,119,8.70883,308,15.19191
1971-12-01,,,231,22.97075,83,12.87392,120,8.7691,308,15.19191
1972-01-01,,,230,22.87204,83,12.87392,120,8.7691,308,15.19191
1972-02-01,,,231,22.9902,83,12.87392,127,9.23475,312,15.39576
1972-03-01,,,231,22.9902,83,12.87392,127,9.23475,312,15.39576
1972-04-01,,,231,22.9902,83,12.87392,128,9.31987,312,15.39576
1972-05-01,,,232,23.08691,85,13.14087,130,9.4529,314,15.50419
1972-06-01,,,232,23.08691,85,13.14087,133,9.66132,316,15.59622
1972-07-01,,,232,23.08691,86,13.27917,134,9.72582,318,15.70044
1972-08-01,,,233,23.20462,87,13.4477,135,9.79415,319,15.75135
1972-09-01,,,236,23.49713,88,13.57471,136,9.85668,319,15.75135
1972-10-01,,,237,23.61484,88,13.57471,136,9.85668,319,15.75135
1972-11-01,,,238,23.72742,88,13.57471,138,10.00078,320,15.80553
1972-12-01,,,239,23.82511,89,13.70652,142,10.30101,322,15.89712
1973-01-01,,,237,23.6182,89,13.70652,142,10.30101,323,15.95209
1973-02-01,,,237,23.6182,89,13.70652,145,10.50521,323,15.95209
1973-03-01,,,237,23.6182,89,13.70652,146,10.57303,323,15.95209
1973-04-01,,,238,23.73031,89,13.70652,147,10.63429,325,16.05014
1973-05-01,,,238,23.73031,91,13.97367,149,10.77027,327,16.15863
1973-06-01,,,238,23.73031,93,14.24811,152,10.96414,330,16.30549
1973-07-01,,,240,23.9439,93,14.24811,154,11.10682,331,16.35738
1973-08-01,,,240,23.9439,95,14.5201,154,11.10682,331,16.35738
1973-09-01,,,241,24.06188,96,14.65053,156,11.2377,335,16.55439
1973-10-01,,,241,24.06188,97,14.78602,159,11.43167,338,16.70185
1973-11-01,,,243,24.29162,98,14.92049,161,11.55657,340,16.80688
1973-12-01,,,243,24.29162,99,15.06095,166,11.90177,342,16.91138
1974-01-01,,,244,24.3963,102,15.52375,169,12.12057,344,17.0077
1974-02-01,,,246,24.61869,102,15.52375,170,12.18565,347,17.14942
1974-03-01,,,248,24.83082,104,15.80594,174,12.45879,348,17.20037
1974-04-01,,,250,25.02116,104,15.80594,177,12.65307,349,17.2524
1974-05-01,,,254,25.39324,105,15.94164,177,12.65307,352,17.39957
1974-06-01,,,257,25.71424,109,16.49575,179,12.79428,354,17.50056
1974-07-01,,,261,26.07821,113,17.04267,181,12.93334,358,17.69193
1974-08-01,,,261,26.07821,115,17.31873,184,13.12409,362,17.89416
1974-09-01,,,264,26.41859,115,17.31873,184,13.12409,362,17.89416
1974-10-01,,,266,26.62999,118,17.74766,186,13.25328,364,17.99691
1974-11-01,,,269,27.00166,120,18.07008,188,13.39003,370,18.30037
1974-12-01,,,276,27.69195,122,18.34934,192,13.66435,374,18.50096
1975-01-01,,,281,28.21873,127,19.03526,194,13.82645,377,18.64356
1975-02-01,,,287,28.8788,131,19.61134,196,13.97839,378,18.68461
1975-03-01,,,286,28.77604,133,19.86993,198,14.11654,379,18.72461
1975-04-01,,,287,28.87882,139,20.68508,201,14.30741,381,18.8195
1975-05-01,,,290,29.15255,142,21.09108,204,14.51976,381,18.8195
1975-06-01,,,295,29.65279,145,21.51166,205,14.58425,386,19.0536
1975-07-01,,,297,29.88174,148,21.91567,205,14.58425,392,19.3623
1975-08-01,,,301,30.27299,152,22.51733,207,14.72528,393,19.41657
1975-09-01,,,305,30.66114,155,22.93049,207,14.72528,395,19.52201
1975-10-01,,,307,30.85947,159,23.50307,212,15.06868,395,19.52201
1975-11-01,,,312,31.37112,163,24.03621,214,15.20848,400,19.75568
1975-12-01,,,316,31.7315,165,24.31067,216,15.33669,404,19.97044
1976-01-01,,,318,31.97528,168,24.7188,221,15.69898,405,20.02292
1976-02-01,,,321,32.27924,175,25.71174,225,15.96358,406,20.06397
1976-03-01,,,324,32.58836,177,26.00493,227,16.08959,409,20.20945
1976-04-01,,,329,33.10326,178,26.13328,228,16.16119,410,20.25058
1976-05-01,,,331,33.30609,181,26.5484,231,16.35867,414,20.4471
1976-06-01,,,333,33.52263,184,27.00327,235,16.60806,415,20.49257
1976-07-01,,,336,33.7742,188,27.58511,235,16.60261,419,20.68534
1976-08-01,,,340,34.13905,190,27.88122,238,16.79977,425,20.96619
1976-09-01,,,342,34.29814,191,28.01381,242,17.05799,427,21.05478
1976-10-01,,,342,34.33572,193,28.29958,245,17.25256,429,21.14835
1976-11-01,,,343,34.42373,197,28.86673,248,17.46383,432,21.2993
1976-12-01,,,342,34.31868,203,29.80752,252,17.73869,433,21.35392
1977-01-01,,,344,34.48766,203,29.80752,257,18.10179,438,21.60002
1977-02-01,,,347,34.75569,206,30.24276,266,18.71095,442,21.79465
1977-03-01,,,348,34.85023,212,31.08977,270,18.99125,442,21.79465
1977-04-01,,,349,34.94304,214,31.37853,274,19.25133,444,21.87849
1977-05-01,,,348,34.82159,218,32.01648,282,19.77359,448,22.04791
1977-06-01,,,347,34.73035,220,32.313,284,19.90677,451,22.17622
1977-07-01,,,347,34.73035,222,32.6004,285,19.98197,456,22.40982
1977-08-01,,,349,34.95344,223,32.69926,285,19.98197,457,22.45214
1977-09-01,,,349,34.95344,224,32.83001,288,20.21467,459,22.5421
1977-10-01,,,349,34.95344,222,32.50807,291,20.42237,460,22.58866
1977-11-01,,,352,35.23375,222,32.50829,293,20.54981,462,22.68361
1977-12-01,,,350,35.03312,227,33.21537,296,20.74778,464,22.78047
1978-01-01,,,345,34.54074,229,33.49603,300,21.02232,468,22.97705
1978-02-01,,,342,34.23235,229,33.5056,304,21.29636,470,23.07176
1978-03-01,,,343,34.33446,230,33.63788,306,21.45256,472,23.14194
1978-04-01,,,340,34.01689,229,33.45539,307,21.5167,472,23.14194
1978-05-01,,,339,33.91993,230,33.53669,311,21.79062,472,23.13801
1978-06-01,,,337,33.75879,232,33.79372,315,22.04972,473,23.16551
1978-07-01,,,336,33.66173,232,33.79372,315,22.04972,474,23.20699
1978-08-01,,,336,33.68181,232,33.79372,318,22.26558,478,23.37001
1978-09-01,,,335,33.5775,233,33.96733,317,22.2021,478,23.35926
1978-10-01,,,330,33.10101,234,34.11973,316,22.1301,480,23.43419
1978-11-01,,,328,32.87947,233,33.99386,316,22.1301,482,23.52339
1978-12-01,,,327,32.78976,231,33.69867,316,22.1301,485,23.65289
1979-01-01,,,327,32.79221,229,33.42344,319,22.32544,488,23.82114
1979-02-01,,,327,32.79221,231,33.68229,321,22.44741,488,23.82114
1979-03-01,,,325,32.58236,232,33.85869,323,22.60839,489,23.86484
1979-04-01,,,325,32.54828,232,33.85869,323,22.60839,489,23.86484
1979-05-01,,,325,32.52341,233,34.00919,324,22.67378,489,23.86814
1979-06-01,,,327,32.72714,234,34.15919,324,22.67378,488,23.82917
1979-07-01,,,327,32.72714,235,34.33559,326,22.80323,489,23.87388
1979-08-01,,,327,32.65585,235,34.33559,326,22.80323,490,23.91893
1979-09-01,,,328,32.74367,234,34.17777,326,22.80323,489,23.86876
1979-10-01,,,329,32.84935,235,34.33017,326,22.80323,489,23.86447
1979-11-01,,,330,32.94484,233,34.02286,326,22.80323,490,23.90849
1979-12-01,,,331,33.024,233,34.02286,326,22.80323,491,23.94959
1980-01-01,,,331,32.97402,234,34.21432,328,22.95994,490,23.88021
1980-02-01,,,331,32.97402,234,34.21432,328,22.95994,492,23.98914
1980-03-01,,,332,33.06145,235,34.34186,328,22.95994,492,23.98914
1980-04-01,,,331,32.96456,236,34.52206,328,22.95994,492,23.98914
1980-05-01,,,331,32.95055,235,34.329,331,23.1483,493,24.02982
1980-06-01,,,334,33.20879,234,34.13376,332,23.20994,495,24.14258
1980-07-01,,,335,33.29761,231,33.57424,332,23.20994,495,24.14258
1980-08-01,,,337,33.45782,232,33.7377,333,23.27135,496,24.18546
1980-09-01,,,339,33.63603,232,33.7377,335,23.39498,496,24.18546
1980-10-01,,,342,33.90784,232,33.71072,336,23.45994,497,24.24383
1980-11-01,,,344,34.06891,233,33.86121,339,23.6659,499,24.33857
1980-12-01,,,345,34.15645,233,33.86121,341,23.79029,500,24.39696
1981-01-01,,,351,34.71609,231,33.58399,348,24.3276,497,24.24637
1981-02-01,,,354,34.98919,230,33.42418,355,24.77662,498,24.29637
1981-03-01,,,355,35.0719,230,33.42418,356,24.8384,499,24.33712
1981-04-01,,,354,34.94967,230,33.42418,360,25.09276,499,24.33712
1981-05-01,,,358,35.31135,230,33.42418,367,25.55424,501,24.42469
1981-06-01,,,358,35.24993,229,33.28694,369,25.68424,501,24.4152
1981-07-01,,,358,35.24165,229,33.28694,371,25.8181,503,24.51739
1981-08-01,,,360,35.42071,229,33.28694,380,26.42125,503,24.51713
1981-09-01,,,364,35.8063,228,33.09909,382,26.55,503,24.51713
1981-10-01,,,365,35.90311,228,33.09909,388,26.93433,503,24.51713
1981-11-01,,,364,35.80708,227,32.91851,392,27.19609,506,24.65558
1981-12-01,,,365,35.89868,224,32.47323,396,27.46729,507,24.70586
1982-01-01,,,367,36.07516,221,32.02974,415,29.01313,506,24.64614
1982-02-01,,,363,35.67528,221,32.02974,419,29.25932,505,24.59398
1982-03-01,,,363,35.67528,221,32.02974,426,29.72571,507,24.67134
1982-04-01,,,363,35.67528,220,31.87783,431,30.05786,511,24.84489
1982-05-01,,,364,35.75417,220,31.87783,435,30.33419,513,24.93438
1982-06-01,,,365,35.81602,219,31.72587,440,30.65612,515,25.01496
1982-07-01,,,364,35.72918,220,31.87511,447,31.10824,517,25.09873
1982-08-01,,,361,35.42332,219,31.67647,453,31.54456,520,25.22338
1982-09-01,,,361,35.42421,219,31.67647,457,31.8213,519,25.16753
1982-10-01,,,359,35.23995,219,31.70343,465,32.3862,522,25.29871
1982-11-01,,,359,35.23995,220,31.83752,473,32.91195,525,25.43972
1982-12-01,,,356,34.93484,220,31.83752,482,33.52822,529,25.61296
1983-01-01,,,350,34.32376,218,31.56507,487,33.90514,528,25.54602
1983-02-01,,,350,34.32717,218,31.56507,496,34.50561,531,25.6739
1983-03-01,,,349,34.20379,219,31.69408,499,34.69877,535,25.8517
1983-04-01,,,348,34.11342,220,31.82186,505,35.09058,536,25.88707
1983-05-01,,,344,33.73762,221,31.94964,508,35.29352,535,25.84045
1983-06-01,,,341,33.4533,221,31.91598,513,35.63151,537,25.92233
1983-07-01,,,343,33.62253,221,31.91598,516,35.83685,536,25.85964
1983-08-01,,,343,33.62213,221,31.84843,520,36.07994,537,25.88662
1983-09-01,,,342,33.52282,221,31.84843,521,36.14896,540,26.01768
1983-10-01,,,341,33.41986,220,31.71157,524,36.34674,539,25.9494
1983-11-01,,,338,33.12261,220,31.71157,528,36.62859,542,26.08831
1983-12-01,,,338,33.11229,219,31.57258,534,37.0111,540,25.97562
1984-01-01,,,338,33.08363,216,31.15944,542,37.60319,544,26.1675
1984-02-01,,,337,32.99753,214,30.82706,548,37.99996,542,26.08979
1984-03-01,,,338,33.09176,215,30.95503,551,38.19177,548,26.37077
1984-04-01,,,338,33.09176,215,30.95503,557,38.58547,552,26.54737
1984-05-01,,,337,33.0048,215,30.95503,561,38.84623,556,26.69969
1984-06-01,,,337,33.02052,215,30.95503,563,38.97006,559,26.83548
1984-07-01,,,337,33.0553,216,31.11407,570,39.4122,561,26.90833
1984-08-01,,,337,33.0553,216,31.11407,575,39.73374,568,27.22807
1984-09-01,,,334,32.78906,216,31.11407,578,39.93737,573,27.4419
1984-10-01,,,331,32.44615,217,31.26094,576,39.7773,575,27.52885
1984-11-01,,,331,32.44615,217,31.26094,578,39.87616,583,27.86057
1984-12-01,,,330,32.3732,216,31.11863,585,40.34465,585,27.92911
1985-01-01,,,326,32.01217,216,31.11863,588,40.56196,593,28.26659
1985-02-01,,,326,32.01674,215,30.97571,589,40.63346,600,28.53868
1985-03-01,,,324,31.7906,214,30.82473,591,40.76091,600,28.49745
1985-04-01,,,322,31.58134,214,30.82473,590,40.69441,615,29.13805
1985-05-01,,,322,31.56176,214,30.82473,589,40.63208,622,29.39212
1985-06-01,,,322,31.56176,214,30.82473,589,40.63189,625,29.48729
1985-07-01,,,323,31.63066,214,30.82773,588,40.55233,637,30.02997
1985-08-01,,,322,31.53328,214,30.82773,593,40.89794,642,30.22841
1985-09-01,,,320,31.346,214,30.82773,592,40.83452,649,30.50597
1985-10-01,,,319,31.25184,213,30.67533,595,41.02482,647,30.41859
1985-11-01,,,318,31.16236,212,30.53923,591,40.74156,646,30.36883
1985-12-01,,,319,31.24078,212,30.53923,590,40.66102,645,30.31907
1986-01-01,,,322,31.5122,207,29.7483,587,40.43439,645,30.28392
1986-02-01,,,324,31.71284,206,29.593,587,40.42593,647,30.33347
1986-03-01,,,322,31.50539,206,29.593,582,40.05587,647,30.29252
1986-04-01,,,321,31.40278,205,29.4502,586,40.30734,651,30.46504
1986-05-01,,,320,31.2977,205,29.4502,586,40.29451,646,30.21072
1986-06-01,,,321,31.39704,205,29.4502,586,40.29639,642,29.98438
1986-07-01,,,325,31.80684,205,29.4502,587,40.36503,642,29.93568
1986-08-01,,,325,31.80188,203,29.16919,584,40.15257,639,29.75581
1986-09-01,,,326,31.9086,203,29.16919,586,40.27836,640,29.77348
1986-10-01,,,328,32.09071,203,29.16919,583,40.00135,639,29.7207
1986-11-01,,,329,32.20766,203,29.16919,583,39.98372,640,29.76586
1986-12-01,,,332,32.51303,203,29.16919,579,39.66505,637,29.62193
1987-01-01,,,332,32.53406,202,29.03416,578,39.54937,641,29.81928
1987-02-01,,,333,32.62223,200,28.76379,580,39.68504,646,30.03042
1987-03-01,,,332,32.52337,200,28.76379,580,39.67113,646,30.02592
1987-04-01,,,335,32.79057,201,28.89295,580,39.63618,645,29.97581
1987-05-01,,,336,32.87935,200,28.74091,587,40.12036,648,30.11263
1987-06-01,,,335,32.77737,200,28.74091,587,40.12565,645,29.9736
1987-07-01,,,336,32.86242,200,28.74091,587,40.112,644,29.91689
1987-08-01,,,335,32.77687,201,28.89465,589,40.2417,644,29.91595
1987-09-01,,,335,32.74611,201,28.89465,591,40.37038,642,29.81565
1987-10-01,,,336,32.84433,201,28.89465,591,40.36304,639,29.67156
1987-11-01,,,336,32.84433,201,28.89465,592,40.39649,639,29.66343
1987-12-01,,,336,32.83408,201,28.89465,594,40.51415,639,29.65583
1988-01-01,,,337,32.95127,201,28.89465,591,40.30506,634,29.40722
1988-02-01,,,339,33.15622,201,28.89465,591,40.28578,635,29.449
1988-03-01,,,340,33.26289,200,28.70818,591,40.28578,635,29.449
1988-04-01,,,341,33.36956,200,28.70818,592,40.35073,637,29.53175
1988-05-01,,,341,33.39018,199,28.54514,589,40.11737,637,29.53076
1988-06-01,,,342,33.48186,199,28.54514,590,40.18711,637,29.53574
1988-07-01,,,342,33.48186,201,28.84349,591,40.25646,638,29.59683
1988-08-01,,,342,33.48186,202,28.9959,595,40.53742,638,29.58185
1988-09-01,,,342,33.48186,202,28.9959,595,40.53742,638,29.58185
1988-10-01,,,344,33.68933,203,29.1459,595,40.53742,638,29.57245
1988-11-01,,,344,33.68933,203,29.1459,599,40.81838,639,29.59904
1988-12-01,,,345,33.79419,203,29.13107,599,40.82131,640,29.64129
1989-01-01,,,346,33.91203,204,29.2433,600,40.86475,638,29.54102
1989-02-01,,,346,33.93104,205,29.39569,606,41.28182,639,29.58414
1989-03-01,,,348,34.12866,207,29.69196,607,41.34858,641,29.66949
1989-04-01,,,349,34.22037,207,29.68305,610,41.55188,641,29.66283
1989-05-01,,,353,34.62228,209,29.98553,613,41.74331,644,29.79898
1989-06-01,,,353,34.62228,209,29.98553,614,41.81266,644,29.79724
1989-07-01,,,354,34.71886,210,30.13184,617,42.01486,646,29.89349
1989-08-01,,,354,34.71886,211,30.27387,618,42.08362,647,29.93516
1989-09-01,,,355,34.81381,211,30.27387,619,42.14332,648,29.97741
1989-10-01,,,356,34.91386,211,30.27387,624,42.48482,651,30.10817
1989-11-01,,,356,34.91386,211,30.27387,626,42.62048,653,30.19132
1989-12-01,,,358,35.10814,212,30.42132,630,42.89059,657,30.37117
1990-01-01,,,361,35.40669,214,30.715,631,42.95936,658,30.42042
1990-02-01,,,365,35.82189,215,30.86253,633,43.09676,661,30.54856
1990-03-01,,,367,36.01469,216,31.01253,634,43.16607,663,30.64452
1990-04-01,,,368,36.10472,217,31.15878,639,43.51374,666,30.77576
1990-05-01,,,369,36.20991,218,31.31656,643,43.7938,669,30.90078
1990-06-01,,,371,36.40502,218,31.31656,647,44.06354,669,30.90078
1990-07-01,,,372,36.50615,219,31.48684,647,44.03933,671,30.98703
1990-08-01,,,373,36.6182,220,31.63456,649,44.17752,671,30.98797
1990-09-01,,,373,36.6182,219,31.49356,649,44.17878,672,31.03
1990-10-01,,,377,37.00707,219,31.49356,654,44.52272,673,31.07224
1990-11-01,,,379,37.1994,219,31.49356,655,44.59252,676,31.21636
1990-12-01,,,381,37.39937,220,31.64062,655,44.59252,677,31.26458
1991-01-01,,,380,37.31267,221,31.78266,654,44.48507,683,31.54571
1991-02-01,,,384,37.71105,219,31.49549,657,44.71348,683,31.52313
1991-03-01,,,385,37.80991,219,31.49549,658,44.81026,688,31.73697
1991-04-01,,,387,37.97817,221,31.79978,660,44.95306,692,31.91762
1991-05-01,,,387,37.9857,221,31.79164,660,44.94955,691,31.86134
1991-06-01,,,388,38.08779,222,31.94674,661,45.01891,694,31.98651
1991-07-01,,,390,38.28067,222,31.91524,663,45.18091,697,32.11686
1991-08-01,,,391,38.37652,227,32.67971,663,45.18091,700,32.2602
1991-09-01,,,394,38.67323,227,32.68228,664,45.25442,702,32.3448
1991-10-01,,,395,38.76891,230,33.14249,666,45.38476,704,32.43347
1991-11-01,,,395,38.78059,231,33.28473,668,45.51512,706,32.51984
1991-12-01,,,395,38.81021,234,33.74219,668,45.51512,708,32.61391
1992-01-01,,,397,39.01354,234,33.76397,668,45.52407,708,32.6262
1992-02-01,,,400,39.30796,237,34.1739,669,45.59352,710,32.71298
1992-03-01,,,403,39.58738,241,34.76979,669,45.59352,710,32.70766
1992-04-01,,,404,39.68052,243,35.06336,667,45.45331,711,32.74993
1992-05-01,,,406,39.85041,244,35.21833,666,45.38303,709,32.66141
1992-06-01,,,406,39.83166,246,35.52395,666,45.40394,712,32.80305
1992-07-01,,,408,40.04273,249,35.97306,665,45.30891,712,32.80305
1992-08-01,,,407,39.88903,252,36.41745,665,45.30891,713,32.83477
1992-09-01,,,409,40.08036,253,36.57521,665,45.30891,713,32.81523
1992-10-01,,,409,40.06498,254,36.71112,663,45.18076,714,32.8586
1992-11-01,,,409,40.10674,253,36.59276,663,45.18076,716,32.94555
1992-12-01,,,412,40.38973,253,36.62597,661,45.03185,714,32.85026
1993-01-01,,,414,40.57812,253,36.6319,663,45.17077,713,32.79424
1993-02-01,,,415,40.67443,255,36.93217,665,45.3101,713,32.79576
1993-03-01,,,417,40.89241,255,36.92684,665,45.3026,714,32.83913
1993-04-01,,,418,40.97164,257,37.2498,665,45.3026,717,32.98264
1993-05-01,,,418,40.96583,256,37.11627,670,45.65273,717,32.98264
1993-06-01,,,423,41.45878,256,37.11627,670,45.66971,718,33.02603
1993-07-01,,,422,41.35878,256,37.11627,673,45.88518,718,33.02603
1993-08-01,,,427,41.84815,257,37.29573,678,46.24533,718,33.02603
1993-09-01,,,426,41.73099,258,37.43156,678,46.24524,718,33.02603
1993-10-01,,,427,41.7829,257,37.29111,684,46.67408,716,32.92682
1993-11-01,,,426,41.65259,256,37.15421,685,46.7437,715,32.89125
1993-12-01,,,428,41.87537,255,37.01589,687,46.88348,716,32.9386
1994-01-01,,,427,41.77339,255,37.01589,690,47.08788,716,32.93513
1994-02-01,,,429,41.9489,253,36.71979,694,47.37845,715,32.88634
1994-03-01,,,430,42.03102,253,36.76424,697,47.59237,718,33.03053
1994-04-01,,,432,42.20759,252,36.63172,701,47.88018,718,33.01899
1994-05-01,,,433,42.28902,252,36.63172,705,48.14861,719,33.06008
1994-06-01,,,433,42.28693,252,36.63172,711,48.56759,721,33.1362
1994-07-01,,,435,42.474,251,36.49649,715,48.85441,727,33.39914
1994-08-01,,,437,42.66599,251,36.50511,719,49.12774,734,33.68455
1994-09-01,,,437,42.67299,251,36.52047,724,49.48068,739,33.89917
1994-10-01,,,437,42.66613,248,36.11069,730,49.87984,749,34.35339
1994-11-01,,,436,42.56722,249,36.28712,735,50.22587,755,34.61456
1994-12-01,,,434,42.38104,249,36.28712,737,50.39945,758,34.74984
1995-01-01,,,433,42.26099,249,36.28712,740,50.58949,763,34.97582
1995-02-01,,,433,42.25542,247,35.9801,747,51.09581,764,35.01373
1995-03-01,,,434,42.35142,247,35.9801,754,51.62697,769,35.2494
1995-04-01,,,432,42.15914,247,35.9602,764,52.35903,773,35.43548
1995-05-01,,,433,42.28364,246,35.82389,767,52.57703,783,35.88707
1995-06-01,,,433,42.28644,247,35.99423,777,53.33507,793,36.33544
1995-07-01,,,432,42.18922,247,35.99755,779,53.49293,802,36.74194
1995-08-01,,,433,42.28345,247,35.99755,787,54.07216,806,36.92139
1995-09-01,,,435,42.48578,247,35.99755,790,54.30824,811,37.14331
1995-10-01,,,435,42.49517,247,35.99543,790,54.30824,824,37.73742
1995-11-01,,,437,42.68065,247,35.99543,798,54.9004,827,37.87399
1995-12-01,,,439,42.87229,247,35.99543,798,54.9004,832,38.10073
1996-01-01,230,10.49894,440,42.95908,245,35.72222,798,54.91059,837,38.32407
1996-02-01,233,10.63704,438,42.76158,241,35.19059,806,55.48723,843,38.59656
1996-03-01,234,10.67792,439,42.85776,240,35.04644,809,55.70101,848,38.82597
1996-04-01,239,10.89478,442,43.1637,241,35.19901,810,55.78629,857,39.23858
1996-05-01,241,10.98812,443,43.26898,239,34.89671,815,56.14618,861,39.39575
1996-06-01,243,11.07645,445,43.45169,240,35.00614,817,56.31269,869,39.74403
1996-07-01,246,11.21638,447,43.64983,241,35.15457,820,56.53355,876,40.05369
1996-08-01,249,11.34389,448,43.74601,241,35.15457,824,56.82068,874,39.91436
1996-09-01,251,11.43445,447,43.65858,241,35.17358,820,56.53192,877,40.03331
1996-10-01,253,11.52485,447,43.66031,243,35.46769,822,56.70021,886,40.43589
1996-11-01,258,11.756,448,43.75912,243,35.46769,824,56.86234,887,40.46885
1996-12-01,261,11.89423,449,43.85451,243,35.46769,825,56.93577,892,40.6764
1997-01-01,264,12.02563,450,43.94157,242,35.29397,829,57.22872,898,40.9444
1997-02-01,265,12.07177,448,43.75026,243,35.44356,832,57.47056,910,41.49691
1997-03-01,267,12.16413,449,43.8496,243,35.44356,831,57.40923,911,41.55148
1997-04-01,268,12.21011,447,43.65174,243,35.44356,837,57.84982,921,42.00391
1997-05-01,271,12.34789,450,43.96768,244,35.61037,845,58.44362,923,42.09796
1997-06-01,271,12.34789,452,44.16923,243,35.45038,847,58.58948,924,42.15215
1997-07-01,272,12.39398,454,44.40481,243,35.45038,854,59.07695,927,42.28059
1997-08-01,273,12.43895,456,44.60875,244,35.57478,863,59.7287,935,42.64778
1997-09-01,274,12.48373,458,44.80763,246,35.85288,863,59.72756,939,42.83495
1997-10-01,276,12.56994,458,44.82091,249,36.30729,871,60.30391,947,43.20017
1997-11-01,275,12.51277,459,44.9275,249,36.30729,880,60.97715,949,43.29308
1997-12-01,276,12.55756,461,45.14122,250,36.43393,884,61.26857,951,43.38996
1998-01-01,277,12.60356,462,45.2484,252,36.71909,885,61.36289,952,43.45079
1998-02-01,278,12.65075,461,45.14954,250,36.439,892,61.88774,959,43.76513
1998-03-01,281,12.79045,465,45.57721,249,36.31064,892,61.89547,968,44.18403
1998-04-01,284,12.93244,467,45.79157,250,36.45729,902,62.60985,970,44.26053
1998-05-01,285,12.97966,469,46.0143,249,36.31402,904,62.77881,972,44.33497
1998-06-01,286,13.0232,470,46.14754,251,36.63378,909,63.15406,975,44.4812
1998-07-01,288,13.11751,472,46.36211,252,36.79119,913,63.46212,981,44.74462
1998-08-01,288,13.11751,475,46.66725,255,37.26405,914,63.57265,984,44.88827
1998-09-01,291,13.25801,478,46.98652,259,37.8292,913,63.51973,985,44.91034
1998-10-01,292,13.30408,480,47.18854,261,38.13992,913,63.51521,991,45.18863
1998-11-01,297,13.53659,484,47.59149,261,38.13444,910,63.30906,992,45.23924
1998-12-01,298,13.58136,487,47.9032,262,38.29415,910,63.31061,990,45.14814
1999-01-01,299,13.62736,490,48.22212,260,38.01642,907,63.08971,992,45.25311
1999-02-01,300,13.66575,493,48.56451,261,38.1267,914,63.60618,994,45.35429
1999-03-01,303,13.80506,493,48.5434,260,37.99634,915,63.66146,991,45.19421
1999-04-01,307,13.98758,498,49.0733,260,38.01596,916,63.78862,993,45.30037
1999-05-01,309,14.08116,501,49.39519,262,38.32911,921,64.16609,991,45.16923
1999-06-01,314,14.31136,503,49.64897,262,38.35103,921,64.149,992,45.22034
1999-07-01,319,14.53962,507,50.0807,264,38.62276,921,64.1633,993,45.25368
1999-08-01,320,14.58705,507,50.12391,263,38.45954,926,64.53297,995,45.34994
1999-09-01,322,14.67938,506,50.01297,263,38.44519,929,64.76327,996,45.38856
1999-10-01,323,14.72465,506,50.07014,261,38.17629,934,65.11618,997,45.4326
1999-11-01,326,14.86445,509,50.37047,262,38.35656,940,65.55631,1001,45.62529
1999-12-01,329,15.00226,512,50.70971,261,38.24024,942,65.7144,1002,45.65546
2000-01-01,330,15.04598,508,50.2866,260,38.09712,940,65.59383,999,45.50657
2000-02-01,333,15.18806,510,50.52254,260,38.19098,950,66.35062,1004,45.75845
2000-03-01,336,15.32885,508,50.29968,259,38.09073,954,66.64605,1003,45.70112
2000-04-01,337,15.36669,506,50.11983,260,38.24838,962,67.27329,1005,45.79185
2000-05-01,338,15.41296,505,50.00804,260,38.27609,966,67.58975,1006,45.83049
2000-06-01,339,15.45882,509,50.4261,261,38.50557,968,67.76067,1006,45.83089
2000-07-01,341,15.55091,510,50.53168,261,38.52228,970,67.90899,1011,46.06737
2000-08-01,341,15.55658,509,50.4316,261,38.52331,973,68.13871,1016,46.30451
2000-09-01,340,15.50403,512,50.75344,263,38.79942,976,68.37572,1020,46.49395
2000-10-01,341,15.55108,514,50.98342,264,38.9586,982,68.85092,1020,46.48639
2000-11-01,342,15.59967,514,50.97143,263,38.81811,989,69.37642,1020,46.48563
2000-12-01,343,15.6467,513,50.88047,263,38.83883,995,69.83247,1023,46.63023
2001-01-01,346,15.78329,514,50.97962,263,38.83883,998,70.0695,1021,46.52358
2001-02-01,348,15.87566,515,51.07902,265,39.17323,1012,71.12613,1030,46.98243
2001-03-01,349,15.92065,516,51.18281,265,39.19613,1020,71.72172,1035,47.23238
2001-04-01,353,16.10052,515,51.04955,263,38.93248,1035,72.85141,1042,47.58155
2001-05-01,354,16.14551,514,50.92923,265,39.23884,1039,73.17171,1052,48.08416
2001-06-01,354,16.14005,515,51.04231,266,39.41459,1051,74.07019,1058,48.40291
2001-07-01,354,16.14005,514,50.9374,266,39.43453,1055,74.41888,1066,48.79654
2001-08-01,355,16.18484,514,50.9374,265,39.29396,1067,75.33055,1074,49.19709
2001-09-01,356,16.22756,515,51.0374,264,39.15078,1071,75.67263,1079,49.46734
2001-10-01,358,16.31943,514,50.94782,265,39.32574,1079,76.29539,1090,50.00397
2001-11-01,360,16.40589,512,50.77333,264,39.18681,1077,76.18997,1095,50.26548
2001-12-01,360,16.40589,504,50.0228,255,37.81863,1077,76.24993,1097,50.39382
2002-01-01,361,16.44862,506,50.23407,252,37.47181,1079,76.39044,1101,50.59805
2002-02-01,364,16.5862,504,50.02279,252,37.48094,1092,77.38307,1113,51.21588
2002-03-01,366,16.67217,505,50.15775,253,37.63093,1093,77.46267,1118,51.47022
2002-04-01,367,16.7139,505,50.1669,255,37.96535,1099,77.9479,1126,51.85596
2002-05-01,369,16.79418,507,50.38442,255,37.96535,1102,78.19008,1132,52.16591
2002-06-01,369,16.79418,508,50.5231,257,38.27535,1109,78.7278,1140,52.57059
2002-07-01,372,16.92518,511,50.86434,260,38.76411,1111,78.89406,1147,52.92702
2002-08-01,376,17.10181,514,51.18837,259,38.60217,1112,79.01731,1153,53.238
2002-09-01,377,17.14794,518,51.61242,259,38.65038,1113,79.13993,1159,53.56748
2002-10-01,380,17.27884,521,51.92906,260,38.80981,1110,78.93903,1163,53.80814
2002-11-01,382,17.361,524,52.24412,261,38.98413,1108,78.86058,1172,54.26699
2002-12-01,385,17.50003,524,52.23181,263,39.29343,1110,79.01306,1176,54.47004
2003-01-01,390,17.70083,526,52.45904,265,39.61731,1111,79.09847,1178,54.57431
2003-02-01,397,18.00261,530,52.92317,268,40.11717,1114,79.31136,1187,55.04461
2003-03-01,404,18.32238,537,53.68973,270,40.45046,1116,79.46432,1190,55.21106
2003-04-01,408,18.50774,543,54.31183,272,40.77567,1117,79.53964,1198,55.63549
2003-05-01,415,18.82589,548,54.85766,271,40.65302,1118,79.63,1205,55.99992
2003-06-01,416,18.86833,551,55.25037,270,40.52103,1120,79.78247,1209,56.20755
2003-07-01,421,19.09383,552,55.39166,271,40.68517,1121,79.90335,1215,56.52332
2003-08-01,424,19.22106,556,55.88029,273,40.9869,1122,79.97998,1216,56.58281
2003-09-01,428,19.3892,558,56.17201,271,40.66507,1122,79.99366,1221,56.82915
2003-10-01,429,19.43328,563,56.75625,272,40.84187,1123,80.10286,1224,56.9818
2003-11-01,432,19.57435,565,57.04313,273,41.00772,1125,80.2615,1229,57.24273
2003-12-01,436,19.75447,571,57.69713,276,41.47783,1126,80.33548,1232,57.42975
2004-01-01,439,19.89587,570,57.69792,275,41.34571,1126,80.33337,1235,57.59383
2004-02-01,447,20.27733,578,58.5793,276,41.63161,1129,80.56759,1243,57.97796
2004-03-01,456,20.68917,577,58.4257,276,41.65366,1135,81.02471,1247,58.20084
2004-04-01,462,20.96905,582,58.99291,277,41.82177,1142,81.55809,1256,58.67466
2004-05-01,467,21.16937,583,59.14902,276,41.68398,1149,82.10311,1260,58.89793
2004-06-01,471,21.35004,584,59.31229,279,42.14477,1156,82.666,1265,59.15316
2004-07-01,482,21.86027,582,59.12426,278,42.03322,1162,83.12211,1271,59.45857
2004-08-01,490,22.23588,583,59.26053,280,42.34252,1171,83.80913,1278,59.83334
2004-09-01,496,22.50296,588,59.814,283,42.82681,1176,84.2063,1283,60.09984
2004-10-01,503,22.82255,590,60.02061,284,42.98541,1186,84.97465,1295,60.73295
2004-11-01,507,23.00742,594,60.49218,285,43.15638,1192,85.43353,1301,61.05182
2004-12-01,513,23.29739,595,60.61772,287,43.46592,1200,86.04161,1309,61.47179
2005-01-01,520,23.61732,594,60.55371,288,43.62546,1203,86.28373,1313,61.68781
2005-02-01,530,24.0801,602,61.48178,288,43.62623,1209,86.73957,1324,62.2819
2005-03-01,532,24.16332,603,61.60178,289,43.81224,1215,87.2014,1328,62.49422
2005-04-01,542,24.64102,604,61.76072,292,44.32494,1226,88.04858,1336,62.9478
2005-05-01,546,24.82907,607,62.12558,295,44.80782,1236,88.83054,1348,63.58903
2005-06-01,551,25.06799,609,62.39772,297,45.11907,1245,89.52033,1357,64.08151
2005-07-01,556,25.28713,615,63.06708,302,45.92492,1251,89.98941,1365,64.51137
2005-08-01,567,25.81701,619,63.50029,304,46.24802,1263,90.92055,1380,65.31367
2005-09-01,574,26.15905,620,63.6323,304,46.24802,1267,91.22953,1384,65.53496
2005-10-01,579,26.3908,625,64.16949,305,46.42951,1277,92.00963,1391,65.90917
2005-11-01,581,26.47772,628,64.4899,307,46.7387,1285,92.63969,1401,66.46693
2005-12-01,585,26.67621,637,65.47125,309,47.09172,1294,93.37497,1410,66.94168
2006-01-01,592,26.99571,641,65.90508,309,47.09172,1296,93.54056,1417,67.34185
2006-02-01,595,27.13507,642,66.11194,312,47.58151,1312,94.79407,1425,67.77527
2006-03-01,600,27.37826,645,66.43916,315,48.05852,1315,95.03037,1432,68.1621
2006-04-01,612,27.94455,645,66.47007,316,48.20872,1326,95.93241,1444,68.82244
2006-05-01,615,28.08785,647,66.71642,320,48.83585,1332,96.43193,1454,69.33684
2006-06-01,625,28.54092,651,67.20267,321,48.98585,1341,97.13945,1457,69.50625
2006-07-01,630,28.76976,658,67.95593,323,49.29152,1349,97.79017,1467,70.04381
2006-08-01,639,29.18912,661,68.28529,326,49.77157,1356,98.34707,1476,70.53113
2006-09-01,642,29.32621,664,68.65075,328,50.12356,1365,99.07693,1479,70.69319
2006-10-01,645,29.4688,668,69.10112,332,50.7514,1375,99.9239,1486,71.0713
2006-11-01,658,30.07338,671,69.43346,333,50.89767,1380,100.31206,1495,71.54874
2006-12-01,666,30.46405,672,69.59981,333,50.9059,1388,100.95062,1504,72.01925
2007-01-01,668,30.56727,674,69.85118,332,50.73186,1395,101.51077,1509,72.29211
2007-02-01,678,31.04794,683,70.75271,336,51.37182,1403,102.13197,1515,72.62305
2007-03-01,681,31.19425,686,71.10105,337,51.53065,1410,102.73791,1522,73.00401
2007-04-01,691,31.68556,693,71.89215,339,51.84831,1418,103.38026,1530,73.44775
2007-05-01,697,31.97153,694,72.01822,340,52.04267,1426,104.02116,1538,73.85901
2007-06-01,700,32.10468,697,72.36309,340,52.05995,1430,104.35234,1549,74.44832
2007-07-01,710,32.58193,702,72.90963,343,52.53835,1438,104.99792,1558,74.95209
2007-08-01,722,33.1516,710,73.82267,341,52.28404,1445,105.56671,1569,75.55325
2007-09-01,726,33.33007,711,73.95016,342,52.46408,1452,106.13582,1573,75.78167
2007-10-01,730,33.52252,714,74.28185,345,52.93926,1457,106.53353,1582,76.26777
2007-11-01,742,34.10376,718,74.74982,346,53.09866,1459,106.70714,1591,76.75076
2007-12-01,750,34.48552,723,75.32254,345,52.98015,1468,107.4318,1601,77.2903
2008-01-01,764,35.16087,723,75.32806,345,52.98015,1475,107.99454,1607,77.61557
2008-02-01,773,35.60964,725,75.60372,344,52.83682,1481,108.48139,1618,78.22777
2008-03-01,781,36.00145,730,76.15267,345,52.98669,1486,108.89048,1629,78.82771
2008-04-01,788,36.33093,732,76.41,345,52.9891,1496,109.67556,1640,79.44278
2008-05-01,798,36.81513,731,76.3587,348,53.46242,1501,110.06331,1643,79.60853
2008-06-01,809,37.3592,732,76.49626,350,53.78321,1510,110.76934,1656,80.32235
2008-07-01,818,37.79167,730,76.3306,348,53.48528,1514,111.09097,1673,81.24456
2008-08-01,833,38.53786,737,77.10843,345,53.06155,1519,111.50614,1681,81.66941
2008-09-01,838,38.79067,743,77.77087,347,53.3861,1530,112.35454,1690,82.15451
2008-10-01,851,39.41285,745,78.0518,345,53.08367,1540,113.22448,1699,82.6714
2008-11-01,858,39.75579,750,78.65951,346,53.24413,1549,113.98512,1706,83.07268
2008-12-01,871,40.37776,757,79.42374,347,53.40289,1550,114.2243,1720,83.86659
2009-01-01,888,41.19182,761,79.89119,346,53.25358,1549,114.25334,1724,84.15553
2009-02-01,900,41.78358,773,81.23407,350,53.90201,1548,114.30767,1740,85.09953
2009-03-01,908,42.18773,780,82.04204,351,54.07975,1552,114.67819,1744,85.33594
2009-04-01,919,42.69738,790,83.16124,352,54.24342,1556,115.06326,1754,85.90104
2009-05-01,931,43.27483,797,83.9728,355,54.7345,1562,115.5491,1770,86.82525
2009-06-01,944,43.91845,803,84.60373,357,55.0877,1569,116.16251,1782,87.50919
2009-07-01,959,44.63508,811,85.49536,362,55.88609,1582,117.28347,1790,87.97079
2009-08-01,968,45.08639,817,86.20962,366,56.51685,1584,117.47624,1799,88.49404
2009-09-01,977,45.52251,816,86.17269,368,56.8309,1589,117.91353,1819,89.63832
2009-10-01,985,45.93555,820,86.63052,373,57.63342,1597,118.5938,1836,90.58955
2009-11-01,992,46.28635,824,87.1184,376,58.07282,1606,119.35113,1852,91.48038
2009-12-01,1000,46.67754,825,87.2876,377,58.21757,1614,120.00999,1873,92.6688
2010-01-01,1006,46.96446,823,87.11443,378,58.36718,1617,120.27382,1882,93.19022
2010-02-01,1016,47.45854,827,87.62073,384,59.37016,1635,121.76989,1914,95.01122
2010-03-01,1024,47.86795,830,87.93453,384,59.38964,1644,122.55876,1929,95.85626
2010-04-01,1031,48.22723,835,88.55008,387,59.89252,1653,123.34487,1959,97.54706
2010-05-01,1032,48.29103,837,88.81363,388,60.05131,1672,124.97175,1987,99.13508
2010-06-01,1039,48.63754,843,89.49211,390,60.37333,1681,125.71494,2021,101.06233
2010-07-01,1043,48.83355,850,90.27068,394,60.99522,1695,126.92495,2042,102.29787
2010-08-01,1053,49.33445,857,91.0898,396,61.31591,1708,128.01205,2073,104.03246
2010-09-01,1056,49.48459,857,91.12649,394,61.01745,1719,128.94793,2096,105.33035
2010-10-01,1060,49.68261,864,91.9419,394,61.06108,1738,130.59096,2131,107.336
2010-11-01,1066,49.97713,868,92.38792,395,61.25995,1751,131.674,2152,108.53528
2010-12-01,1070,50.17312,872,92.86325,395,61.30409,1772,133.41274,2181,110.18149
2011-01-01,1075,50.40348,869,92.58671,396,61.46803,1788,134.82063,2204,111.51555
2011-02-01,1080,50.65522,872,92.95322,402,62.41685,1798,135.80976,2253,114.30862
2011-03-01,1085,50.8974,872,93.01005,404,62.73315,1811,136.88966,2263,114.92042
2011-04-01,1090,51.13667,877,93.57254,409,63.53029,1824,138.07809,2295,116.82509
2011-05-01,1095,51.39043,880,93.91416,411,63.85368,1834,139.1132,2308,117.64667
2011-06-01,1099,51.60091,884,94.31957,414,64.31991,1852,140.78911,2341,119.56918
2011-07-01,1102,51.7622,887,94.6598,420,65.27212,1868,142.2712,2375,121.48434
2011-08-01,1108,52.05288,893,95.34498,423,65.73845,1880,143.49055,2412,123.6093
2011-09-01,1109,52.11352,890,95.08213,427,66.37514,1892,144.56041,2435,124.90938
2011-10-01,1114,52.36038,897,95.87349,430,66.84882,1922,147.1023,2474,127.11906
2011-11-01,1117,52.50903,901,96.37046,431,67.03042,1941,148.76544,2493,128.28408
2011-12-01,1119,52.60403,903,96.62011,432,67.21217,1960,150.37761,2526,130.14228
2012-01-01,1121,52.69941,900,96.29505,433,67.38404,1970,151.29768,2553,131.6034
2012-02-01,1127,52.99221,903,96.68552,435,67.7146,1996,153.61819,2592,133.94696
2012-03-01,1128,53.05748,906,97.06038,435,67.77002,2013,155.16758,2615,135.26429
2012-04-01,1129,53.10867,907,97.19462,437,68.09607,2030,156.79188,2634,136.48877
2012-05-01,1135,53.40535,909,97.43428,438,68.23098,2039,157.69454,2655,137.81056
2012-06-01,1136,53.46205,910,97.59675,446,69.50464,2067,160.15342,2681,139.34874
2012-07-01,1138,53.56035,909,97.55334,451,70.29614,2094,162.57464,2723,141.81622
2012-08-01,1137,53.52652,912,97.8757,453,70.63302,2111,164.04976,2741,142.90173
2012-09-01,1141,53.73074,913,97.98542,452,70.50371,2128,165.62974,2758,143.91752
2012-10-01,1146,53.98446,915,98.22745,453,70.68753,2138,166.64575,2783,145.38649
2012-11-01,1151,54.23191,917,98.44735,457,71.32026,2143,167.21407,2802,146.52636
2012-12-01,1155,54.41499,913,98.09315,457,71.32932,2162,168.88004,2822,147.70973
2013-01-01,1155,54.42441,914,98.18273,458,71.48832,2167,169.38549,2824,147.87218
2013-02-01,1167,55.02058,917,98.59285,465,72.63162,2201,172.40646,2861,150.01291
2013-03-01,1172,55.2816,916,98.49887,469,73.26058,2200,172.51989,2871,150.64103
2013-04-01,1179,55.63061,916,98.51934,472,73.72354,2217,174.01746,2890,151.84593
2013-05-01,1185,55.9315,915,98.42873,475,74.19411,2231,175.16876,2898,152.4234
2013-06-01,1192,56.27319,912,98.1898,477,74.5019,2249,176.71794,2913,153.31605
2013-07-01,1199,56.62516,913,98.294,478,74.6635,2254,177.1686,2928,154.20167
2013-08-01,1204,56.88797,912,98.21323,478,74.6635,2270,178.52792,2938,154.82756
2013-09-01,1205,56.94717,913,98.33639,478,74.6635,2280,179.43162,2945,155.27676
2013-10-01,1211,57.26226,912,98.24522,479,74.8285,2293,180.47328,2955,155.95537
2013-11-01,1209,57.20567,909,97.95801,478,74.67235,2312,182.06093,2980,157.36702
2013-12-01,1212,57.35741,907,97.74014,479,74.82659,2333,183.84215,3000,158.44219
2014-01-01,1212,57.36167,905,97.5458,479,74.83112,2339,184.40963,3008,158.88344
2014-02-01,1223,57.90212,903,97.35275,480,74.99627,2364,186.47271,3023,159.83831
2014-03-01,1228,58.15164,900,97.05817,480,74.99627,2375,187.38867,3032,160.37476
2014-04-01,1232,58.35309,899,96.96235,479,74.8376,2394,188.95879,3043,161.03329
2014-05-01,1235,58.51872,894,96.47384,479,74.8376,2405,189.88529,3053,161.66942
2014-06-01,1244,58.95824,892,96.29536,478,74.68058,2407,190.16693,3061,162.19844
2014-07-01,1250,59.25831,892,96.31013,478,74.68058,2417,191.00732,3074,163.01567
2014-08-01,1258,59.65181,896,96.75244,478,74.68058,2421,191.39903,3086,163.83498
2014-09-01,1263,59.89625,896,96.77056,478,74.68586,2415,191.05222,3094,164.36913
2014-10-01,1271,60.29557,898,97.00574,479,74.84127,2427,192.08608,3107,165.21682
2014-11-01,1276,60.54186,896,96.84401,480,74.9983,2428,192.27974,3121,166.13456
2014-12-01,1283,60.90092,896,96.89846,478,74.732,2429,192.44249,3125,166.54236
2015-01-01,1283,60.90838,896,96.89846,478,74.732,2429,192.46722,3127,166.79702
2015-02-01,1293,61.4078,900,97.34784,481,75.20536,2436,193.15922,3158,168.81924
2015-03-01,1301,61.80731,903,97.66938,481,75.20536,2436,193.18805,3169,169.63503
2015-04-01,1307,62.10755,906,98.03434,482,75.35757,2434,193.1415,3189,170.93721
2015-05-01,1318,62.65631,910,98.49008,485,75.82349,2435,193.38838,3196,171.474
2015-06-01,1326,63.0551,912,98.72064,485,75.82349,2440,193.86518,3204,172.17044
2015-07-01,1334,63.45743,914,98.93664,485,75.82349,2450,194.73299,3217,172.97892
2015-08-01,1343,63.90692,915,99.05219,486,75.97348,2452,194.97012,3235,174.09403
2015-09-01,1348,64.16189,915,99.05435,486,75.97348,2458,195.49136,3249,174.98918
2015-10-01,1356,64.56557,919,99.49879,487,76.13003,2467,196.26945,3272,176.52323
2015-11-01,1364,64.96498,918,99.4021,487,76.13003,2472,196.71294,3296,178.03872
2015-12-01,1376,65.56033,918,99.38825,487,76.13003,2465,196.26293,3308,178.83687
2016-01-01,1380,65.75464,919,99.49825,488,76.28676,2451,195.277,3308,178.98201
2016-02-01,1394,66.4388,924,100.05278,489,76.43675,2455,195.83383,3329,180.45966
2016-03-01,1397,66.59954,928,100.48825,489,76.43675,2448,195.41554,3340,181.24494
2016-04-01,1405,66.9857,934,101.16685,490,76.59548,2441,195.06143,3350,182.05574
2016-05-01,1412,67.36157,936,101.39019,490,76.59548,2433,194.56424,3351,182.43979
2016-06-01,1418,67.66441,942,102.06254,493,77.06298,2432,194.58128,3357,182.93968
2016-07-01,1427,68.1106,946,102.49846,496,77.52941,2436,194.9697,3369,183.74181
2016-08-01,1434,68.45545,951,103.05349,499,77.99707,2441,195.42486,3380,184.48644
2016-09-01,1442,68.84693,955,103.50132,501,78.31347,2440,195.3649,3390,185.16616
2016-10-01,1447,69.10205,957,103.72518,508,79.41696,2442,195.61951,3403,186.06482
2016-11-01,1451,69.28764,960,104.06872,510,79.72937,2443,195.77381,3409,186.57355
2016-12-01,1459,69.68585,965,104.62301,513,80.20121,2446,196.05836,3424,187.56637
2017-01-01,1460,69.73284,967,104.85283,514,80.36803,2444,195.95276,3423,187.58632
2017-02-01,1472,70.32175,976,105.85717,521,81.46636,2467,197.87199,3460,189.92032
2017-03-01,1477,70.56442,979,106.19043,524,81.93844,2475,198.55354,3470,190.56142
2017-04-01,1478,70.61329,983,106.65338,530,82.88014,2490,199.80664,3479,191.24155
2017-05-01,1484,70.90073,987,107.13066,533,83.3603,2490,199.8742,3482,191.5723
2017-06-01,1485,70.94971,992,107.69415,540,84.46673,2496,200.36721,3489,192.11937
2017-07-01,1491,71.24305,995,108.05488,546,85.42067,2502,200.92745,3497,192.80184
2017-08-01,1495,71.44586,999,108.56594,549,85.90846,2504,201.17157,3508,193.59146
2017-09-01,1496,71.50472,998,108.50325,550,86.07513,2503,201.12119,3506,193.5896
2017-10-01,1499,71.66284,1004,109.20345,555,86.85909,2502,201.11486,3509,193.81469
2017-11-01,1500,71.7236,1002,109.02595,558,87.31469,2502,201.16979,3517,194.33812
2017-12-01,1503,71.88359,1000,108.85508,558,87.31547,2503,201.27315,3521,194.61392
2018-01-01,1502,71.84289,995,108.31985,558,87.34015,2503,201.28452,3524,194.7913
2018-02-01,1504,71.95979,999,108.79786,565,88.42259,2514,202.18838,3542,195.98348
2018-03-01,1504,71.95795,996,108.51714,568,88.92044,2515,202.28382,3546,196.2561
2018-04-01,1508,72.16042,995,108.41788,569,89.07954,2519,202.65689,3553,196.71856
2018-05-01,1510,72.2646,993,108.31654,574,89.88142,2524,203.06623,3558,197.03237
2018-06-01,1511,72.3325,991,108.12877,575,90.08884,2532,203.74492,3561,197.25349
2018-07-01,1513,72.43237,993,108.36272,567,88.87627,2540,204.39209,3570,197.82627
2018-08-01,1517,72.64141,997,108.82257,565,88.57928,2545,204.80397,3574,198.08615
2018-09-01,1520,72.79156,999,109.06018,569,89.20526,2546,204.88557,3579,198.39281
2018-10-01,1522,72.90422,1000,109.19669,569,89.21318,2552,205.39563,3586,198.85414
2018-11-01,1529,73.25524,998,109.00807,569,89.22048,2557,205.80498,3589,199.0884
2018-12-01,1525,73.08345,1000,109.26564,568,89.06307,2563,206.29279,3595,199.48237
2019-01-01,1525,73.09882,996,108.83541,566,88.76862,2567,206.63273,3597,199.60792
2019-02-01,1536,73.64511,1012,110.63507,572,89.74073,2583,207.9501,3608,200.30061
2019-03-01,1541,73.9063,1018,111.30476,579,90.82772,2591,208.614,3609,200.38107
2019-04-01,1547,74.20141,1023,111.86685,583,91.45522,2598,209.22579,3623,201.26523
2019-05-01,1551,74.40513,1025,112.08994,586,91.92863,2609,210.11938,3627,201.55026
2019-06-01,1559,74.80164,1031,112.76062,585,91.80766,2623,211.27143,3636,202.12769
2019-07-01,1566,75.15947,1036,113.32156,585,91.80766,2632,212.00699,3643,202.5983
2019-08-01,1573,75.50808,1038,113.5433,587,92.12329,2649,213.45792,3657,203.46105
2019-09-01,1579,75.82162,1039,113.67217,587,92.12329,2659,214.27791,3666,204.07648
2019-10-01,1588,76.28348,1042,114.00954,587,92.1328,2672,215.34385,3682,205.0601
2019-11-01,1592,76.48548,1044,114.2375,587,92.1328,2686,216.49097,3696,205.93876
2019-12-01,1597,76.74404,1045,114.34749,586,91.98575,2692,217.00762,3702,206.39941
2020-01-01,1597,76.747,1047,114.57115,585,91.85888,2697,217.41933,3710,206.90215
2020-02-01,1605,77.14836,1051,115.03416,586,92.01944,2718,219.14514,3722,207.70845
2020-03-01,1610,77.39716,1050,114.93535,589,92.42708,2724,219.65322,3730,208.27787
2020-04-01,1619,77.85043,1052,115.16279,591,92.7055,2734,220.48442,3741,209.03022
2020-05-01,1622,77.99915,1054,115.3919,592,92.86174,2752,221.95491,3756,209.9879
2020-06-01,1627,78.24946,1054,115.3919,594,93.17297,2770,223.47593,3765,210.53698
2020-07-01,1632,78.50556,1057,115.73041,595,93.33091,2791,225.22249,3786,211.90384
2020-08-01,1636,78.70533,1058,115.84401,597,93.64466,2798,225.79909,3792,212.39199
2020-09-01,1640,78.91573,1058,115.8597,602,94.4074,2806,226.47467,3791,212.4168
2020-10-01,1647,79.2543,1056,115.65838,608,95.34364,2814,227.17825,3800,213.02303
2020-11-01,1650,79.40827,1055,115.55838,610,95.65445,2821,227.75578,3806,213.43498
2020-12-01,1654,79.61263,1055,115.57841,612,95.96574,2826,228.18678,3813,213.90055
2021-01-01,1655,79.66754,1055,115.58209,613,96.12444,2827,228.29611,3817,214.246
2021-02-01,1661,79.96743,1059,116.05314,620,97.22542,2839,229.34454,3824,214.73609
2021-03-01,1666,80.23283,1061,116.28883,624,97.85114,2840,229.46861,3829,215.06691
2021-04-01,1669,80.41027,1062,116.41532,627,98.32434,2850,230.3263,3840,215.7636
2021-05-01,1672,80.58321,1064,116.65417,629,98.64041,2860,231.1461,3850,216.38916
2021-06-01,1671,80.54879,1064,116.74921,631,98.95294,2869,231.89989,3852,216.57892
2021-07-01,1669,80.47473,1067,117.09312,631,98.95941,2886,233.31359,3865,217.3251
2021-08-01,1670,80.54252,1069,117.34276,632,99.12678,2888,233.49057,3876,218.01803
2021-09-01,1673,80.71199,1072,117.69808,632,99.12678,2895,234.0884,3885,218.57608
2021-10-01,1678,80.97451,1074,117.96397,628,98.53605,2903,234.76386,3897,219.2819
2021-11-01,1679,81.025,1072,117.78193,626,98.23248,2910,235.34787,3902,219.60261
2021-12-01,1685,81.33803,1075,118.14124,625,98.09408,2918,236.02433,3912,220.20936
2022-01-01,1686,81.38833,1073,117.9472,623,97.79219,2921,236.2726,3916,220.46152
2022-02-01,1693,81.74143,1079,118.62571,630,98.8921,2934,237.34723,3933,221.51802
2022-03-01,1691,81.6605,1077,118.42846,631,99.05368,2939,237.76275,3938,221.81745
2022-04-01,1695,81.85149,1080,118.77297,636,99.83617,2943,238.11933,3944,222.17519
2022-05-01,1700,82.104,1080,118.7798,633,99.3763,2954,239.02686,3951,222.59594
2022-06-01,1703,82.25561,1081,118.89608,639,100.32115,2967,240.08954,3957,222.96348
2022-07-01,1708,82.5058,1083,119.12598,643,100.94616,2978,241.02592,3967,223.55231
2022-08-01,1709,82.55866,1083,119.12955,649,101.88621,2984,241.54844,3977,224.1242
2022-09-01,1711,82.66239,1089,119.81985,654,102.67158,2994,242.37884,3989,224.84041
2022-10-01,1713,82.7651,1093,120.29277,654,102.67885,3004,243.20847,3997,225.36336
2022-11-01,1721,83.1655,1096,120.62709,655,102.83552,3010,243.74489,4008,226.02098
2022-12-01,1724,83.31972,1098,120.84709,656,102.99326,3023,244.84068,4021,226.80458
2023-01-01,1726,83.42008,1099,120.95974,656,102.99326,3030,245.40849,4028,227.25805
2023-02-01,1730,83.62506,1106,121.74696,657,103.15027,3039,246.17499,4044,228.23389
2023-03-01,1733,83.77443,1107,121.86225,658,103.30728,3046,246.75502,4048,228.50458
2023-04-01,1733,83.78595,1115,122.76616,659,103.46139,3056,247.56485,4062,229.39061
2023-05-01,1737,83.98596,1117,122.99616,661,103.77606,3069,248.65138,4072,230.03995
2023-06-01,1738,84.03566,1119,123.23799,661,103.77606,3079,249.49486,4078,230.49346
2023-07-01,1741,84.18479,1122,123.56799,661,103.77606,3093,250.66695,4084,230.95228
2023-08-01,1741,84.18479,1126,124.02122,662,103.9332,3096,250.98555,4094,231.605
2023-09-01,1744,84.33383,1128,124.24654,662,103.9332,3097,251.12697,4107,232.50136
2023-10-01,1747,84.48327,1131,124.5859,663,104.09087,3102,251.5917,4115,233.04348
2023-11-01,1747,84.48327,1131,124.59863,662,103.93674,3112,252.43877,4123,233.60463
2023-12-01,1748,84.53313,1133,124.82743,662,103.93674,3126,253.63143,4134,234.35302
2024-01-01,1749,84.59151,1134,124.94003,662,103.93674,3129,253.87825,4145,235.03036
2024-02-01,1750,84.64151,1140,125.62114,662,103.93674,3145,255.19477,4157,235.83536
2024-03-01,1752,84.74132,1143,125.95993,663,104.09382,3150,255.632,4166,236.45035
2024-04-01,1754,84.84112,1144,126.08473,662,103.93632,3158,256.31113,4174,236.99786
2024-05-01,1754,84.84112,1145,126.19811,662,103.93632,3164,256.79233,4191,238.0617
2024-06-01,1756,84.94089,1148,126.5436,662,103.93632,3172,257.48966,4208,239.13195
2024-07-01,1756,84.94089,1149,126.6535,662,103.93632,3178,257.9964,4222,240.04322
2024-08-01,1758,85.03993,1149,126.66244,663,104.09049,3191,259.0633,4237,240.97804
2024-09-01,1761,85.19108,1150,126.78085,665,104.40879,3202,259.96188,4252,241.91367
2024-10-01,1762,85.24122,1152,127.01347,665,104.40879,3207,260.37052,4270,243.06159
2024-11-01,1766,85.44153,1155,127.35418,666,104.56766,3213,260.90186,4283,243.88308
2024-12-01,1769,85.59145,1155,127.35418,669,105.04224,3218,261.34021,4295,244.6998
2025-01-01,1768,85.54409,1156,127.47801,669,105.04224,3225,261.8939,4295,244.74942
2025-02-01,1777,85.98496,1166,128.62624,669,105.04709,3236,262.82756,4323,246.56475
2025-03-01,1780,86.13605,1166,128.65294,670,105.20518,3237,262.92786,4333,247.1841
2025-04-01,1786,86.43713,1168,128.88939,673,105.67718,3248,263.83093,4349,248.20909
2025-05-01,1793,86.78686,1173,129.46572,676,106.14808,3254,264.31891,4363,249.11479
2025-06-01,1799,87.08775,1178,130.0384,676,106.14808,3265,265.22724,4378,250.11278
2025-07-01,1800,87.13898,1183,130.63112,680,106.77599,3271,265.74038,4394,251.13305
2025-08-01,1811,87.6895,1188,131.20046,685,107.56136,3279,266.42666,4404,251.79741
2025-09-01,1818,88.03909,1189,131.31819,688,108.03396,3290,267.34373,4416,252.63999
2025-10-01,1824,88.34765,1195,132.02443,690,108.34746,3307,268.76752,4426,253.35189
2025-11-01,1832,88.75697,1197,132.27013,690,108.3361,3320,269.87055,4435,254.037
2025-12-01,1838,89.07245,1201,132.7248,690,108.33284,3331,270.77222,4448,254.87551
2026-01-01,1841,89.22288,1202,132.85334,691,108.49115,3337,271.2774,4455,255.30342
2026-02-01,1856,89.96805,1211,133.88931,699,109.75237,3359,273.10729,4482,257.10709
2026-03-01,1867,90.5205,1216,134.46168,698,109.60118,3365,273.60423,4491,257.69616
2026-04-01,1869,90.6284,1227,135.71735,700,109.91523,3385,275.2442,4501,258.39545
2026-05-01,1880,91.17892,1234,136.52188,708,111.17161,3403,276.74883,4519,259.55019
2026-06-01,1887,91.5357,1239,137.08891,710,111.4824,3424,278.48241,4537,260.69221
2026-07-01,1895,91.9336,1248,138.12119,714,112.10313,3439,279.72625,4547,261.39039
2026-08-01,1902,92.29259,1255,138.92286,720,113.03526,3454,280.96663,4562,262.39199
2026-09-01,1906,92.50037,1257,139.16681,725,113.81573,3467,282.05936,4574,263.15896
