Date,MR OB No [540901],MR OB DWT [540907],Aframax OB No [44990],Aframax OB DWT [45145],Suezmax OB No [534662],Suezmax OB DWT [534665],Panamax Bulk OB No [44933],Panamax Bulk OB DWT [45239],Handymax Bulk OB No [44932],Handymax Bulk OB DWT [45084]
1996-01-01,56,2531277,37,3769744,20,2920856,115,8366622,170,7943501
1996-02-01,53,2393178,41,4179388,20,2920856,109,7933476,178,8307612
1996-03-01,54,2443640,46,4724608,19,2774570,114,8305239,173,8078201
1996-04-01,49,2226775,45,4640550,17,2491568,114,8300789,176,8211697
1996-05-01,54,2465049,44,4535276,18,2618523,117,8531451,185,8645338
1996-06-01,52,2376719,43,4451781,19,2777394,118,8589919,175,8179228
1996-07-01,50,2280327,42,4359054,18,2628959,124,9040128,169,7909386
1996-08-01,47,2152811,48,4988651,19,2776398,133,9713826,169,7915622
1996-09-01,48,2201528,48,4988651,19,2780292,134,9786353,166,7772396
1996-10-01,46,2111131,47,4889245,18,2639513,132,9644177,160,7489230
1996-11-01,43,1974131,48,4995760,19,2798724,130,9507022,167,7825405
1996-12-01,42,1926984,48,4994444,26,3844759,127,9291573,162,7602578
1997-01-01,46,2111818,50,5221965,27,3991399,124,9072624,159,7465955
1997-02-01,47,2159867,53,5533012,31,4536249,118,8641856,151,7107059
1997-03-01,45,2067504,58,6074060,31,4536249,119,8724610,152,7143096
1997-04-01,44,2021530,62,6498068,31,4536249,114,8347967,142,6690665
1997-05-01,47,2164917,67,7065239,33,4859842,116,8516270,144,6779951
1997-06-01,50,2299897,71,7508663,38,5658324,123,9030330,139,6541282
1997-07-01,63,2897172,69,7289272,41,6103966,121,8888373,136,6405699
1997-08-01,63,2897505,73,7723376,46,6863786,118,8684171,132,6225549
1997-09-01,62,2852731,71,7524498,44,6585681,122,9001222,135,6364943
1997-10-01,60,2761910,73,7729309,42,6257639,120,8865027,132,6223267
1997-11-01,60,2761183,77,8155129,44,6563781,121,8936299,135,6378223
1997-12-01,59,2716396,79,8358624,46,6910009,117,8653221,132,6240196
1998-01-01,59,2717618,79,8357140,47,7078605,119,8865243,136,6420683
1998-02-01,59,2717648,78,8275088,45,6778009,117,8728824,127,6004967
1998-03-01,56,2577956,79,8343142,45,6778009,115,8585533,117,5548134
1998-04-01,53,2435964,79,8339949,45,6788863,103,7700710,121,5733742
1998-05-01,52,2388739,83,8782363,47,7090447,102,7634422,115,5456558
1998-06-01,51,2345201,80,8463569,44,6630469,100,7488286,109,5176719
1998-07-01,51,2348278,82,8665461,45,6773525,105,7906267,104,4950073
1998-08-01,54,2486329,82,8660236,41,6150171,107,8046713,101,4815955
1998-09-01,51,2345831,81,8547583,39,5898309,110,8272052,98,4676446
1998-10-01,50,2299762,83,8783007,38,5748170,109,8195910,91,4354863
1998-11-01,46,2112539,79,8349534,41,6214633,117,8777239,89,4251390
1998-12-01,46,2111653,76,8037828,43,6499082,117,8807133,87,4154165
1999-01-01,46,2112756,74,7824087,44,6674920,116,8734775,83,3962425
1999-02-01,44,2022875,68,7181399,41,6223144,118,8883595,77,3681441
1999-03-01,41,1883563,65,6865802,41,6223144,114,8588932,74,3535640
1999-04-01,38,1748152,60,6335905,40,6069527,109,8215122,67,3199606
1999-05-01,40,1836870,56,5926954,39,5882198,105,7921322,73,3498177
1999-06-01,35,1606672,52,5496153,39,5884758,118,8894660,73,3508752
1999-07-01,32,1469409,52,5512710,38,5749606,122,9184500,80,3868854
1999-08-01,31,1421978,53,5611572,37,5623423,137,10302163,83,4025216
1999-09-01,32,1464014,50,5298319,35,5343535,143,10756906,95,4636518
1999-10-01,31,1418740,45,4762208,36,5508161,151,11356796,101,4943003
1999-11-01,33,1503444,42,4444310,35,5357788,159,11954796,114,5619297
1999-12-01,32,1451071,37,3917962,34,5198107,164,12324722,115,5681312
2000-01-01,35,1589215,34,3600321,35,5390088,177,13312775,135,6699976
2000-02-01,33,1494220,31,3272514,38,5879421,173,13005219,137,6825759
2000-03-01,30,1353423,32,3372011,36,5566391,177,13317628,149,7395346
2000-04-01,33,1473076,33,3482104,38,5887834,178,13381168,157,7811661
2000-05-01,34,1516803,36,3796788,44,6850028,183,13737245,171,8523596
2000-06-01,35,1561193,36,3816316,44,6869838,184,13825784,177,8843032
2000-07-01,37,1650182,47,5002080,46,7207411,184,13831970,180,9022182
2000-08-01,39,1734876,48,5107804,47,7365235,182,13694108,179,8975681
2000-09-01,44,1952055,49,5210506,45,7089124,179,13457098,180,9055972
2000-10-01,48,2131800,54,5723404,50,7974398,172,12909972,182,9160459
2000-11-01,51,2265275,55,5842183,51,8149151,169,12688703,187,9403416
2000-12-01,56,2484047,61,6483798,51,8144957,163,12232657,192,9676400
2001-01-01,61,2697730,66,7017019,55,8753424,166,12506555,198,9982895
2001-02-01,67,2967215,70,7446004,52,8288876,152,11479454,190,9602280
2001-03-01,73,3233021,74,7855776,51,8137582,147,11113137,190,9605314
2001-04-01,72,3173610,84,8920051,57,9060448,133,10081354,187,9449292
2001-05-01,76,3359286,88,9345503,58,9205916,127,9633186,182,9194887
2001-06-01,86,3818973,91,9682235,56,8894666,119,9041915,173,8740500
2001-07-01,93,4144428,106,11291191,55,8734685,110,8385773,169,8549783
2001-08-01,95,4240414,108,11504136,57,9033685,100,7640374,171,8666556
2001-09-01,101,4517311,110,11742171,57,9042243,94,7189001,164,8308179
2001-10-01,108,4848718,119,12733902,59,9386490,84,6438247,153,7771547
2001-11-01,116,5217164,117,12516440,59,9386490,86,6607683,153,7787241
2001-12-01,120,5395489,120,12848459,59,9386490,82,6334755,146,7434244
2002-01-01,124,5586493,118,12637191,57,9062463,79,6112449,145,7380123
2002-02-01,127,5727833,121,12974061,56,8914244,64,4990479,141,7177247
2002-03-01,129,5824762,120,12856362,55,8764249,63,4915509,138,7024765
2002-04-01,134,6059108,125,13387745,52,8294867,57,4454630,132,6741067
2002-05-01,132,5978829,126,13482814,58,9241823,65,5086701,138,7059816
2002-06-01,139,6304799,127,13594001,57,9072769,61,4782090,135,6912623
2002-07-01,141,6396836,125,13385745,57,9053934,60,4709039,146,7512505
2002-08-01,145,6609999,125,13382510,56,8903943,59,4632008,148,7630178
2002-09-01,147,6696244,121,12958465,53,8420179,68,5324302,144,7438963
2002-10-01,148,6750396,127,13647916,54,8572325,91,7073675,144,7445824
2002-11-01,150,6850171,124,13338531,52,8248636,98,7618426,143,7421153
2002-12-01,152,6952162,128,13827486,50,7939334,96,7465946,145,7561303
2003-01-01,157,7203936,132,14292631,49,7774889,112,8734717,155,8104474
2003-02-01,158,7253958,130,14098623,52,8221496,134,10497757,157,8219920
2003-03-01,163,7510608,132,14317777,52,8230307,138,10801678,162,8482555
2003-04-01,172,7923382,129,14010228,59,9346765,146,11426356,172,9038309
2003-05-01,181,8338554,131,14242932,59,9336555,156,12173551,173,9114584
2003-06-01,187,8627293,128,13896324,60,9494835,172,13423064,177,9332791
2003-07-01,184,8497390,142,15395782,63,9953007,200,15585771,190,10072309
2003-08-01,185,8543203,149,16118940,74,11696074,210,16335617,209,11113610
2003-09-01,186,8599766,146,15772550,73,11547345,210,16336566,209,11140029
2003-10-01,190,8804203,147,15903309,76,12041705,208,16169670,212,11319046
2003-11-01,199,9255325,150,16221535,74,11723458,225,17498106,222,11868386
2003-12-01,202,9400118,149,16120007,73,11554326,227,17671803,224,11986359
2004-01-01,210,9783646,154,16650651,74,11733291,235,18319364,243,13001300
2004-02-01,215,10068683,151,16324577,73,11588423,240,18708827,241,12923356
2004-03-01,211,9891613,154,16678555,78,12413700,249,19463273,242,12986938
2004-04-01,209,9813244,151,16371290,75,11945843,258,20162159,237,12727890
2004-05-01,212,9951045,151,16402352,77,12278841,261,20419996,243,13066984
2004-06-01,219,10290464,149,16192893,74,11818054,261,20393671,245,13189200
2004-07-01,220,10368488,154,16747757,76,12135140,256,20011227,255,13744118
2004-08-01,221,10437828,155,16874144,74,11825839,255,19941747,266,14350234
2004-09-01,221,10439559,154,16749284,72,11500376,255,19992459,262,14139754
2004-10-01,220,10408593,155,16898970,73,11664684,249,19544109,266,14364751
2004-11-01,231,10902847,157,17146015,71,11355022,253,19900278,278,15000813
2004-12-01,235,11102487,165,18048388,73,11645594,252,19821230,271,14633792
2005-01-01,236,11166485,169,18460920,72,11486045,255,20111106,276,14915104
2005-02-01,254,12026498,162,17755650,72,11502592,277,22019571,323,17426964
2005-03-01,255,12081679,164,17980349,70,11184374,271,21557745,323,17430946
2005-04-01,248,11745843,162,17773448,66,10525069,276,21941196,322,17370995
2005-05-01,264,12506931,159,17440592,63,10042186,271,21573223,321,17318289
2005-06-01,283,13388007,157,17229858,65,10387552,264,21064294,314,16918239
2005-07-01,287,13581727,161,17636423,60,9581702,261,20832634,316,17021115
2005-08-01,279,13191568,158,17309459,59,9417427,266,21219982,312,16846491
2005-09-01,272,12849536,162,17739026,59,9417427,272,21702572,310,16737791
2005-10-01,275,13021144,157,17201835,57,9093710,267,21305047,304,16413130
2005-11-01,280,13275716,158,17330444,55,8784522,262,20937236,297,16023828
2005-12-01,282,13365310,153,16806234,53,8431506,256,20471737,289,15604573
2006-01-01,288,13626963,161,17678665,55,8749548,265,21212986,292,15761501
2006-02-01,317,15021509,172,18937093,54,8580538,274,22005491,318,17239732
2006-03-01,331,15689978,171,18836557,53,8421061,275,22064912,320,17349492
2006-04-01,388,18494203,211,23222661,54,8588898,277,22214179,342,18629877
2006-05-01,397,18905461,214,23541148,51,8124163,271,21758309,340,18561828
2006-06-01,401,19157803,211,23193239,52,8287842,265,21298194,349,19032476
2006-07-01,407,19465264,228,25140907,51,8140970,260,20932500,354,19290828
2006-08-01,414,19867638,233,25685138,59,9389510,262,21115419,374,20409187
2006-09-01,426,20468642,234,25786495,85,13450580,257,20691467,379,20695507
2006-10-01,435,20929520,252,27750041,97,15357285,252,20277724,385,21062033
2006-11-01,424,20422375,256,28164265,107,16953628,255,20526655,392,21494629
2006-12-01,445,21463678,278,30600829,114,18037601,274,22101173,415,22815797
2007-01-01,478,23083050,292,32207588,117,18518808,327,26930698,477,26339395
2007-02-01,476,23013389,293,32344164,123,19458476,347,28502647,508,28059173
2007-03-01,477,23076292,294,32477045,127,20085635,360,29588624,543,30053823
2007-04-01,476,23026625,294,32455123,131,20714847,361,29751779,572,31677126
2007-05-01,476,23027303,299,33018352,131,20706385,363,29970757,631,35116745
2007-06-01,484,23415353,298,32898706,133,21021839,394,32551263,670,37398672
2007-07-01,480,23239194,299,32952120,133,21017959,427,35346035,705,39401202
2007-08-01,492,23860396,298,32853463,134,21179571,452,37403499.00000001,744,41630079.00000001
2007-09-01,492,23865102,306,33747461,136,21484412,484,39934308,778,43609747.00000001
2007-10-01,496,24093764,303,33415776,138,21816138,515,42686302,796,44642411.00000001
2007-11-01,501,24365864,294,32397741,138,21815218,560,46554468.99999999,829,46546164.99999999
2007-12-01,495,24084006,292,32171939,137,21656401,578,48063732.99999999,842,47310591.00000001
2008-01-01,493,23968153,295,32487927,140,22130435,590,49048438,927,52155360.99999999
2008-02-01,484,23523007,294,32367556,139,21967018,651,54069866,957,53867038
2008-03-01,485,23618855,290,31948075,138,21817142,653,54235299.00000001,994,56008976.99999999
2008-04-01,491,23910047,294,32405996,138,21823795,664,55157496,1029,57987974
2008-05-01,490,23859262,292,32194927,139,21981022,705,58690496,1080,60926088.99999999
2008-06-01,482,23456576,296,32626975,145,22942784,712,59360638,1090,61520067.00000001
2008-07-01,481,23408337,297,32772672,152,24051080,724,60289544,1103,62324227.00000001
2008-08-01,474,23079363,289,31860953,160,25306827,738,61561592,1149,64885524
2008-09-01,465,22618651,286,31549183,172,27203308,742,61966292,1150,64983356
2008-10-01,453,22052272,283,31211143,174,27515308,754,62942688.99999999,1176,66484646
2008-11-01,451,21965655,275,30327993,165,26082857,757,63220619.00000001,1180,66726732
2008-12-01,438,21343687,269,29694424,162,25608092,751,62740131.00000001,1164,65826804
2009-01-01,426,20771983,265,29254428,161,25457547,743,62113371.00000001,1152,65164338
2009-02-01,414,20189669,254,28070176,157,24809116,747,62505634,1153,65235179.00000001
2009-03-01,409,19937748,243,26862915,158,24963464,741,62025354,1153,65232018
2009-04-01,396,19326893,235,25992910,156,24649788,735,61487816,1142,64620578
2009-05-01,383,18708177,226,25006359,152,24009208,728,60931416.99999999,1125,63650576
2009-06-01,370,18084870,222,24571126,144,22742321,721,60372520,1113,62970520.99999999
2009-07-01,355,17363279,212,23475575,138,21793930,710,59449736.99999999,1109,62748319.00000001
2009-08-01,345,16881560,203,22477340,140,22110162,712,59676475.00000001,1099,62186360
2009-09-01,335,16401612,199,22034855,138,21796108,714,59893136.99999999,1103,62445131.00000001
2009-10-01,323,15805970,197,21809989,137,21593591,703,58955851.00000001,1098,62170494
2009-11-01,313,15321261,189,20945171,133,20963067,711,59594182,1090,61802028.99999999
2009-12-01,303,14846779,186,20621691,130,20490674,706,59159023.00000001,1067,60500522
2010-01-01,295,14470790,183,20288939,139,21911360,717,60008694,1079,61153098
2010-02-01,281,13789639,180,19950973,126,19844026,746,62394148,1115,63159896.99999999
2010-03-01,274,13442156,174,19292174,132,20796182,758,63287163.00000001,1116,63301416.99999999
2010-04-01,259,12701330,164,18201813,129,20331119,791,65987256,1106,62735036
2010-05-01,260,12756418,170,18913937,128,20184209,808,67260380,1102,62339176.99999999
2010-06-01,252,12369020,165,18340732,129,20347936,881,73102412,1097,62010868
2010-07-01,249,12205039,158,17562160,139,21934509,905,75155144,1123,63186819.00000001
2010-08-01,240,11744202,151,16765769,142,22390089,903,74952096,1114,62698235.00000001
2010-09-01,235,11501983,151,16751232,150,23653438,930,77025825.99999999,1107,62236751.00000001
2010-10-01,234,11456335,146,16156784,148,23329443,939,77572283,1117,62374630
2010-11-01,229,11212281,148,16416551,148,23329235,953,78639175,1112,62008871.00000001
2010-12-01,229,11219751,143,15854631,151,23816530,939,77470931,1103,61477819.00000001
2011-01-01,223,10932309,145,16077015,153,24135340,967,79645481.99999999,1164,64810180.99999999
2011-02-01,215,10526701,142,15748323,147,23186881,987,81252041.99999999,1166,64808840.99999999
2011-03-01,207,10135661,139,15413379,145,22870587,983,80900965,1168,64928964
2011-04-01,203,9936446,131,14520871,140,22069224,975,80221374.00000001,1135,63020595.00000001
2011-05-01,195,9549221,127,14063344,134,21091243,963,79117480,1135,63005756
2011-06-01,194,9499375,127,14136593,131,20625007,954,78225707,1115,61813267.00000001
2011-07-01,197,9652136,122,13600793,126,19822887,934,76517310.00000001,1102,61120162
2011-08-01,201,9861449,115,12818966,122,19198559,922,75386681.99999999,1068,59201116.99999999
2011-09-01,202,9918309,111,12363557,118,18568299,911,74401871,1051,58294795.00000001
2011-10-01,197,9674377,103,11492657,114,17941775,878,71651940,1010,55965780.99999999
2011-11-01,172,8466102,95,10617310,112,17633822,858,69963554,995,55071212.99999999
2011-12-01,167,8252621,92,10272012,110,17316019,841,68586290,946,52317844.99999999
2012-01-01,164,8097140,91,10160276,118,18578233,835,68150949,907,50192696.99999999
2012-02-01,152,7519709,85,9497891,110,17313145,799,65158163.00000001,881,48690783.00000001
2012-03-01,161,7952684,81,9036244,107,16832112,777,63368316,857,47415044
2012-04-01,174,8548332,78,8699423,105,16511069,745,60736888,829,45824044.99999999
2012-05-01,173,8507962,76,8502317,98,15413921,731,59573155.00000001,803,44276991.00000001
2012-06-01,177,8701836,71,7908280,92,14451046,695,56542150,771,42559940.99999999
2012-07-01,179,8803662,65,7248822,87,13654165,673,54672476,729,40269171.00000001
2012-08-01,179,8794909,62,6926462,82,12860976,651,52860880,715,39508758
2012-09-01,186,9157029,59,6600212,82,12860976,623,50558626,692,38225643.00000001
2012-10-01,185,9103309,58,6503242,79,12386088,604,48966008.99999999,661,36543085
2012-11-01,179,8809244,56,6283342,75,11753350,592,47987820.99999999,635,35090413
2012-12-01,173,8524959,54,6068857,75,11751735,560,45412379.00000001,612,33905076
2013-01-01,189,9323229,62,6965829,77,12067793,548,44484050,599,33290036
2013-02-01,190,9379410,53,5945549,67,10485828,524,42516423.00000001,597,33428976
2013-03-01,207,10218974,52,5829931,63,9856876,512,41505942,594,33319159
2013-04-01,207,10218946,59,6615272,62,9702204,495,40137114,576,32357570
2013-05-01,220,10865562,79,8810588,59,9231641,487,39500010,571,32286274
2013-06-01,214,10627717,83,9240907,57,8923850,488,39529023.00000001,587,33457175
2013-07-01,219,10874091,86,9611281,57,8912140,485,39289150,626,35970535
2013-08-01,215,10675059,86,9602321,55,8586140,486,39378988,629,36257040
2013-09-01,227,11273637,91,10139149,55,8586140,484,39213832,650,37654007.00000001
2013-10-01,234,11620305,93,10371639,52,8115984,468,37972024.99999999,674,39230418
2013-11-01,255,12628192,97,10811635,53,8275497,460,37313868,688,40395011.00000001
2013-12-01,272,13458143,104,11568461,52,8121264,460,37295655.00000001,732,43331992.99999999
2014-01-01,289,14274318,111,12357984,51,7968170,479,38845551.00000001,786,46940632.99999999
2014-02-01,294,14527881,113,12577982,50,7812135,477,38750424.99999999,840,50329716.99999999
2014-03-01,291,14383952,111,12347982,49,7653843,473,38468566,855,51369990
2014-04-01,284,14038297,118,13141443,37,5769843,470,38248371.00000001,853,51424959.00000001
2014-05-01,287,14186964,118,13141443,41,6401780,465,37894576.99999999,849,51282215.00000001
2014-06-01,281,13869391,119,13251618,45,7044413,469,38294748.99999999,855,51713594
2014-07-01,283,13977844,119,13245821,49,7659674,466,38060090,864,52426404
2014-08-01,278,13709689,115,12803516,49,7659674,461,37647816.99999999,850,51668614
2014-09-01,275,13565288,113,12564252,50,7804284,463,37813048,839,51054383.00000001
2014-10-01,267,13165970,110,12234255,53,8274902,448,36620463,832,50658212
2014-11-01,261,12844296,112,12470364,58,9060073,443,36232663,820,49949150
2014-12-01,251,12347842,105,11688367,61,9503527,428,35085389,787,48157756
2015-01-01,248,12198504,113,12573460,71,11081130,425,34841429,778,47611294
2015-02-01,234,11497887,114,12687552,74,11549776,410,33633982,759,46451239.00000001
2015-03-01,226,11098378,124,13830561,79,12323754,403,33097983,745,45564787.00000001
2015-04-01,213,10448889,124,13826830,80,12494013,389,31953239,725,44414675.00000001
2015-05-01,204,10003126,126,14058499,79,12345500,378,31056286,723,44285547.00000001
2015-06-01,198,9705828,136,15174570,83,12975280,369,30324112,709,43439776
2015-07-01,204,10009230,149,16670682,89,13890403,363,29834889,689,42304478
2015-08-01,199,9759442,160,17874327,92,14371260,367,30157843,671,41223656.99999999
2015-09-01,198,9711050,158,17654329,92,14371260,364,29937713,659,40566822
2015-10-01,206,10111046,162,18102485,99,15464582,359,29551010,643,39575154
2015-11-01,209,10258932,170,19009895,103,16099383,355,29233140,631,38841272
2015-12-01,216,10566472,181,20265340,107,16729625,366,30130372,628,38659011.00000001
2016-01-01,217,10620952,185,20729849,111,17362014,358,29474742,619,38115715.00000001
2016-02-01,205,10042547,182,20404397,109,17050846,332,27327255,592,36460752
2016-03-01,198,9695191,178,19968926,111,17365885,319,26231128,561,34533152
2016-04-01,189,9267565,171,19194216,110,17207151,305,25067084,540,33239979
2016-05-01,178,8724590,172,19319968,110,17207151,300,24651860,520,32009654
2016-06-01,173,8455950,166,18659737,103,16107651,291,23896157,499,30692274
2016-07-01,166,8109763,162,18222946,100,15641223,279,22909110,483,29696129
2016-08-01,159,7764912,158,17777821,101,15773564,270,22174259,468,28778127
2016-09-01,150,7331982,151,17008993,95,14857157,266,21844608,451,27713417
2016-10-01,144,7031310,152,17128276,89,13910300,255,20928775,422,26089616
2016-11-01,134,6553652,151,17010383,95,14854297,247,20278651,402,24864640
2016-12-01,124,6061143,146,16455925,95,14851505,218,17927041,337,20729132
2017-01-01,129,6325997,143,16120318,96,15003522,211,17353183,336,20689541
2017-02-01,118,5787638,136,15335761,89,13905195,185,15219820,301,18525877
2017-03-01,114,5600676,143,16143899,85,13278138,173,14229955,295,18161949
2017-04-01,111,5455753,138,15584840,79,12336436,157,12917398,275,16928099
2017-05-01,107,5269331,131,14803925,75,11714557,164,13489726,257,15820799
2017-06-01,113,5567862,136,15382877,68,10608131,176,14486455,249,15359322
2017-07-01,119,5866504,144,16271872,75,11639727,171,14072871,234,14427526
2017-08-01,136,6707682,140,15806371,70,10849116,190,15628333,225,13821709
2017-09-01,136,6696962,134,15123346,68,10486941,195,16046285,223,13704126
2017-10-01,134,6604314,130,14670390,62,9555917,206,16941141,218,13445030
2017-11-01,131,6451783,130,14671658,61,9413273,211,17347660,230,14196815
2017-12-01,134,6602004,133,15004237,65,10000750,227,18672376,239,14772637
2018-01-01,142,7000785,140,15793054,67,10310262,245,20167257,267,16532283
2018-02-01,138,6810707,137,15459080,60,9220310,257,21223246,269,16641944
2018-03-01,137,6773506,135,15229424,57,8744701,267,22031001,273,16929014
2018-04-01,130,6424869,131,14784425,54,8284334,272,22474287,274,16991109
2018-05-01,134,6619204,126,14215376,48,7355811,279,23043002,274,16999587
2018-06-01,138,6812321,126,14210185,49,7509789,280,23105573,285,17677648
2018-07-01,143,7063209,123,13870106,49,7509789,276,22800802,285,17696090
2018-08-01,141,6963478,117,13175500,50,7652431,283,23369429,287,17839165
2018-09-01,140,6913316,111,12513941,46,7026452,294,24266129,289,17973886
2018-10-01,144,7113680,112,12630588,50,7642238,300,24763228,287,17831549
2018-11-01,137,6762655,113,12750819,49,7485238,301,24847369,290,18018786
2018-12-01,141,6963098,108,12185857,52,7947387,314,25958089,293,18218726
2019-01-01,152,7508523,110,12414177,56,8579671,308,25452246,297,18449725
2019-02-01,146,7213201,94,10610388,51,7795952,312,25801406,296,18318668
2019-03-01,143,7065102,91,10279578,44,6709236,309,25552684,309,19097813
2019-04-01,146,7224009,78,8797481,41,6239683,299,24732915,308,19045269
2019-05-01,142,7034562,78,8794793,40,6081172,292,24187848,310,19134394
2019-06-01,138,6843532,74,8347035,44,6714096,279,23128475,309,19084231
2019-07-01,134,6643026,76,8590741,47,7177204,271,22474873,304,18765496
2019-08-01,132,6548469,80,9037778,47,7175418,260,21526221,292,18026556
2019-09-01,125,6197014,91,10287040,47,7175418,253,20971291,282,17400626
2019-10-01,126,6251863,91,10294923,49,7489860,260,21595004,273,16837952
2019-11-01,125,6210736,89,10061167,54,8279093,250,20778282,263,16213362
2019-12-01,122,6060680,94,10602402,56,8592749,259,21546989,257,15774608
2020-01-01,123,6109942,92,10378743,63,9685989,271,22612944,253,15538197
2020-02-01,123,6110474,89,10041642,65,10051573,253,21128495,253,15451519
2020-03-01,123,6114027,92,10404494,67,10426779,250,20886794,248,15096625
2020-04-01,113,5616632,90,10177062,66,10306586,249,20824715,238,14442417
2020-05-01,116,5767899,101,11380006,65,10150341,233,19518751,236,14312005
2020-06-01,113,5617586,103,11605484,67,10472986,220,18419004,233,14141752
2020-07-01,110,5469724,101,11379024,66,10315040,205,17165423,221,13391153
2020-08-01,111,5520818,100,11265424,65,10187601,199,16678695,218,13179967
2020-09-01,113,5620590,99,11148774,61,9581508,194,16277710,233,14139546
2020-10-01,109,5430918,102,11492821,59,9273648,184,15446853,225,13653981
2020-11-01,110,5481365,103,11602820,60,9435062,179,15014930,219,13272146
2020-12-01,105,5233322,102,11494373,62,9748907,190,15931589,230,13959490
2021-01-01,105,5232988,105,11830332,62,9747960,200,16750489,229,13867159
2021-02-01,102,5083073,101,11396707,55,8646976,207,17280281,229,13874226
2021-03-01,104,5182752,101,11399219,52,8177926,223,18566857,236,14304123
2021-04-01,107,5328002,103,11648372,52,8176497,220,18300300,236,14279762
2021-05-01,99,4926543,101,11423671,55,8645896,235,19526299,233,14047730
2021-06-01,103,5126308,101,11404823,52,8174161,241,20036213,254,15306418
2021-07-01,109,5424274,105,11839079,54,8486288,236,19576090,271,16403817
2021-08-01,111,5523600,102,11499839,53,8326804,256,21226047,270,16302173
2021-09-01,104,5170499,99,11155025,53,8326804,278,23049328,276,16696336
2021-10-01,96,4769058,97,10932177,53,8326804,292,24205232,277,16867823
2021-11-01,96,4768572,107,12112394,53,8326804,297,24617557,290,17610665
2021-12-01,89,4414740,102,11546565,52,8173985,297,24599987,289,17548378
2022-01-01,87,4314449,105,11897180,52,8173985,294,24345559,303,18432940
2022-02-01,81,4014645,98,11106772,44,6909847,297,24583080,290,17619711
2022-03-01,80,3962607,95,10770959,42,6588221,299,24751432,306,18661197
2022-04-01,77,3821618,94,10661136,37,5805730,303,25069404,323,19771433
2022-05-01,73,3621791,94,10663990,34,5332632,302,24984122,327,20029436
2022-06-01,69,3424307,96,10907196,29,4544616,294,24338337,331,20281831
2022-07-01,66,3274111,99,11250731,26,4073954,299,24661269,352,21667014
2022-08-01,72,3571434,103,11712026,20,3133907,306,25190606,350,21608005
2022-09-01,73,3621613,97,11021720,15,2348532,303,24905643,347,21430525
2022-10-01,76,3771194,93,10570770,14,2191522,299,24552863,360,22318434
2022-11-01,74,3670043,93,10581698,15,2350166,294,24123580,354,21985773
2022-12-01,74,3669601,91,10361700,17,2656333,284,23314104,348,21609766
2023-01-01,78,3870735,96,10942333,21,3291488,286,23492594,354,22055493
2023-02-01,81,4022803,94,10723843,21,3292569,294,24112569,356,22235569
2023-03-01,94,4687457,101,11522475,23,3609182,288,23619613,356,22242095
2023-04-01,103,5131416,100,11419025,24,3772961,303,24864665,377,23593722
2023-05-01,107,5333132,114,13009798,35,5492080,314,25821195,375,23473146
2023-06-01,115,5731089,120,13697097,41,6433399,332,27292455,383,24006590
2023-07-01,126,6281458,126,14406907,45,7062963,343,28244877,401,25203544
2023-08-01,131,6535016,126,14413062,55,8631467,356,29320007,398,25048553
2023-09-01,136,6788424,132,15111012,57,8949383,367,30250005,383,24113751
2023-10-01,140,6990832,135,15463695,58,9105300,376,30958033,408,25663329
2023-11-01,142,7088832,135,15465847,59,9262229,383,31507103,422,26572251
2023-12-01,157,7819432,142,16259050,65,10207825,375,30845744,428,26966980
2024-01-01,162,8071331,156,17871302,71,11157405,402,33091434,437,27550863
2024-02-01,189,9420472,155,17764786,78,12245794,432,35599549,442,27847057
2024-03-01,188,9370663,159,18218367,92,14450575,435,35850724,450,28381553
2024-04-01,191,9518796,168,19256400,100,15707999,446,36740947,472,29781508
2024-05-01,219,10837956,174,19944066,100,15707999,454,37430091.00000001,484,30581703
2024-06-01,231,11430142,179,20513041,100,15707999,460,37910394,504,31891248
2024-07-01,262,12949067,220,25212420,107,16807849,480,39705935.00000001,553,34981829
2024-08-01,269,13263231,212,24257486,109,17129477,481,39787056,552,34963247
2024-09-01,271,13342078,221,25290287,108,16964561,516,42600624,546,34603486
2024-10-01,280,13791337,227,25978109,108,16964561,520,42959310,564,35631429
2024-11-01,292,14389790,228,26094996,110,17284618,512,42331346,571,36063736
2024-12-01,290,14288366,228,26094996,107,16810042,508,42029156.99999999,571,36067455
2025-01-01,289,14274734,228,26093698,109,17126042,531,43899824,583,36784669
2025-02-01,284,14033868,218,24945459,108,16968042,525,43438048,576,36288025
2025-03-01,280,13834097,220,25165263,110,17276959,523,43277578,568,35796074
2025-04-01,278,13732218,220,25167681,116,18196809,513,42476956.99999999,560,35274676
2025-05-01,275,13582687,214,24480346,122,19139301,505,41824422,545,34316590
2025-06-01,268,13234360,210,24022662,126,19767301,495,41008771.00000001,538,33837797
2025-07-01,269,13283463,206,23566629,130,20407399,517,42836878,542,34094663
2025-08-01,258,12732942,200,22881871,127,19936023,510,42253350,528,33230698
2025-09-01,268,13235485,200,22888278,124,19463426,500,41428536,516,32405644
2025-10-01,266,13097941,196,22428820,135,21190729,486,40230679.00000001,522,32787805
2025-11-01,257,12648217,199,22770389,138,21664227,496,41173520.99999999,524,32919040
2025-12-01,251,12328476,210,24009708,153,24031725,499,41486852,533,33501916
2026-01-01,272,13338974,230,26278198,159,24970413,520,43286998,563,35463714
2026-02-01,264,12947033,228,26052680,170,26693093,508,42302122,542,34118510
2026-03-01,265,12969570,234,26739308,191,30002885,506,42133176,550,34615308
2026-04-01,282,13818954,234,26740037,203,31888218,502,41811604.99999999,570,35903720
2026-05-01,289,14169037,243,27762508,211,33140834,505,42082886,561,35341092
2026-06-01,298,14616880,251,28680374,215,33776044,490,40841310,561,35376297
2026-07-01,322,15774385,250,28561098,214,33623563,487,40582894,584,36854033
2026-08-01,331,16238674,246,28102026,215,33784799,473,39433468,580,36611464
2026-09-01,340,16660442,254,29015613,211,33158334,463,38595807.00000001,568,35844489
